noun,adj,distance,noun,adv,distance,noun,verb,distance
(วันที่ - NOUN),(แจ่มใส - ADJ),1,(ทันเวลา - NOUN),(มาก - ADV),12,(การ - NOUN),(เดินทาง - VERB),0
(วันที่ - NOUN),(สวย - ADJ),4,(แหลม - NOUN),(มาก - ADV),7,(การ - NOUN),(พัก - VERB),4
(อากาศ - NOUN),(แจ่มใส - ADJ),0,(พระอาทิตย์ - NOUN),(มาก - ADV),4,(คุณ - NOUN),(พัก - VERB),0
(อากาศ - NOUN),(สวย - ADJ),3,(การ - NOUN),(เช่นกัน - ADV),6,(คุณ - NOUN),(มี - VERB),0
(วิว - NOUN),(สวย - ADJ),0,(สถานที่ - NOUN),(ใกล้ - ADV),3,(คุณ - NOUN),(เป็น - VERB),3
(การ - NOUN),(พิเศษ - ADJ),1,(คุณ - NOUN),(ใกล้ - ADV),1,(คุณ - NOUN),(น่ารัก - VERB),6
(การ - NOUN),(แหลม - ADJ),3,(เวลา - NOUN),(ที่สุด - ADV),2,(คุณ - NOUN),(หยุด - VERB),9
(คุณ - NOUN),(สวยงาม - ADJ),4,(ขับรถ - NOUN),(ประมาณ - ADV),0,(เวลา - NOUN),(เป็น - VERB),1
(ภาพ - NOUN),(สวยงาม - ADJ),1,(วัด - NOUN),(ที่สุด - ADV),7,(เวลา - NOUN),(น่ารัก - VERB),4
(สถานที่ - NOUN),(โปรด - ADJ),0,(วัด - NOUN),(ไว้ - ADV),10,(เวลา - NOUN),(หยุด - VERB),7
(มุมมอง - NOUN),(เป็นบ้า - ADJ),7,(วัด - NOUN),(บาง - ADV),26,(สถานที่ - NOUN),(น่ารัก - VERB),1
(พื้นที่ - NOUN),(เป็นบ้า - ADJ),2,(ธารา - NOUN),(ที่สุด - ADV),5,(สถานที่ - NOUN),(หยุด - VERB),4
(น้ำ - NOUN),(เป็นบ้า - ADJ),0,(ธารา - NOUN),(ไว้ - ADV),8,(ทันเวลา - NOUN),(มา - VERB),2
(บรรยากาศ - NOUN),(ดี - ADJ),0,(ธารา - NOUN),(บาง - ADV),24,(ทันเวลา - NOUN),(ดู - VERB),6
(สถานที่ - NOUN),(สวยงาม - ADJ),0,(วัด - NOUN),(ที่สุด - ADV),2,(ทันเวลา - NOUN),(ตก - VERB),8
(ฝูงชน - NOUN),(มาก - ADJ),1,(วัด - NOUN),(ไว้ - ADV),5,(ทันเวลา - NOUN),(ยอดเยี่ยม - VERB),11
(ฝูงชน - NOUN),(ส่วนใหญ่ - ADJ),2,(วัด - NOUN),(บาง - ADV),21,(แหลม - NOUN),(ดู - VERB),1
(จำนวน - NOUN),(มาก - ADJ),0,(จังหวัด - NOUN),(บาง - ADV),13,(แหลม - NOUN),(ตก - VERB),3
(จำนวน - NOUN),(ส่วนใหญ่ - ADJ),1,(สถานที่ - NOUN),(บาง - ADV),10,(แหลม - NOUN),(ยอดเยี่ยม - VERB),6
(รูป - NOUN),(ดัง - ADJ),16,(จิตวิญญาณ - NOUN),(บาง - ADV),8,(พระอาทิตย์ - NOUN),(ตก - VERB),0
(หันหลัง - NOUN),(ดัง - ADJ),15,(คุณ - NOUN),(บาง - ADV),6,(พระอาทิตย์ - NOUN),(ยอดเยี่ยม - VERB),3
(ดวงอาทิตย์ - NOUN),(ดัง - ADJ),4,(ประเพณี - NOUN),(บาง - ADV),0,(มุมมอง - NOUN),(ยอดเยี่ยม - VERB),1
(เสียง - NOUN),(ดัง - ADJ),0,(ครั้ง - NOUN),(หลาย - ADV),1,(การ - NOUN),(ขี่ - VERB),0
(จุด - NOUN),(ลับ - ADJ),0,(จุด - NOUN),(เกินไป - ADV),20,(การ - NOUN),(ไป - VERB),1
(วิว - NOUN),(สวย - ADJ),0,(พายุ - NOUN),(เกินไป - ADV),13,(การ - NOUN),(ยอดเยี่ยม - VERB),5
(คน - NOUN),(ดี - ADJ),9,(คลื่น - NOUN),(เกินไป - ADV),9,(สถานที่ - NOUN),(อยู่ - VERB),2
(ช่วง - NOUN),(ดี - ADJ),2,(วิธี - NOUN),(เกินไป - ADV),6,(คุณ - NOUN),(อยู่ - VERB),0
(วันหยุด - NOUN),(ดี - ADJ),1,(คุณ - NOUN),(เกินไป - ADV),4,(เวลา - NOUN),(ดี - VERB),1
(เวลา - NOUN),(ดี - ADJ),0,(คุณ - NOUN),(เกินไป - ADV),2,(เวลา - NOUN),(ตก - VERB),5
(คน - NOUN),(ส่วนใหญ่ - ADJ),0,(บรรยากาศ - NOUN),(มาก - ADV),1,(พระอาทิตย์ - NOUN),(ตก - VERB),0
(ที่จอดรถ - NOUN),(น้อย - ADJ),0,(จุด - NOUN),(ทะเลอันดามัน - ADV),4,(สถานที่ - NOUN),(แออัด - VERB),1
(เวลา - NOUN),(บวก - ADJ),15,(วิว - NOUN),(ทะเลอันดามัน - ADV),2,(การ - NOUN),(เยี่ยม - VERB),0
(พระอาทิตย์ - NOUN),(บวก - ADJ),14,(กังหันลม - NOUN),(ทะเลอันดามัน - ADV),1,(การ - NOUN),(ชม - VERB),1
(ช่วงเวลา - NOUN),(บวก - ADJ),9,(ที่จอดรถ - NOUN),(ดี - ADV),2,(มอเตอร์ไซค์ - NOUN),(หยุด - VERB),1
(แรงบันดาลใจ - NOUN),(บวก - ADJ),3,(ที่จอดรถ - NOUN),(เยี่ยม - ADV),4,(มอเตอร์ไซค์ - NOUN),(จุด - VERB),3
(อารมณ์ - NOUN),(บวก - ADJ),1,(เยอะ - NOUN),(ดี - ADV),1,(มอเตอร์ไซค์ - NOUN),(ชม - VERB),4
(เชิง - NOUN),(บวก - ADJ),0,(เยอะ - NOUN),(เยี่ยม - ADV),3,(มอเตอร์ไซค์ - NOUN),(ไป - VERB),12
(กรณี - NOUN),(หนาแน่น - ADJ),10,(จุด - NOUN),(ที่สุด - ADV),2,(วิว - NOUN),(ไป - VERB),6
(คุณ - NOUN),(หนาแน่น - ADJ),8,(ฝูงชน - NOUN),(ค่อนข้าง - ADV),8,(คา - NOUN),(ไป - VERB),5
(พระอาทิตย์ - NOUN),(หนาแน่น - ADJ),5,(ความคิด - NOUN),(ค่อนข้าง - ADV),3,(รอน - NOUN),(ไป - VERB),4
(ถนน - NOUN),(หนาแน่น - ADJ),0,(สถานที่ - NOUN),(อื่นๆ - ADV),1,(หาด - NOUN),(ไป - VERB),2
(มุมมอง - NOUN),(ใกล้เคียง - ADJ),7,(จุด - NOUN),(อยู่ - ADV),3,(หาน - NOUN),(ไป - VERB),0
(ทาส - NOUN),(ใกล้เคียง - ADJ),3,(วิว - NOUN),(สุด - ADV),3,(พระอาทิตย์ - NOUN),(ตก - VERB),0
(ชายหาด - NOUN),(ใกล้เคียง - ADJ),0,(บน - NOUN),(สุด - ADV),0,(พระอาทิตย์ - NOUN),(มอง - VERB),3
(ร้านค้า - NOUN),(มากมาย - ADJ),2,(ดวงอาทิตย์ - NOUN),(โดยตรง - ADV),3,(พระอาทิตย์ - NOUN),(ผ่าน - VERB),4
(ร้านกาแฟ - NOUN),(มากมาย - ADJ),0,(การท่องเที่ยว - NOUN),(ทุก - ADV),4,(น่าตื่นตาตื่นใจ - NOUN),(มอง - VERB),0
(คน - NOUN),(น้อย - ADJ),0,(จังหวัด - NOUN),(ทุก - ADV),2,(น่าตื่นตาตื่นใจ - NOUN),(ผ่าน - VERB),1
(จำนวน - NOUN),(นักท่องเที่ยว - ADJ),0,(คน - NOUN),(มาก - ADV),2,(วัด - NOUN),(เป็น - VERB),3
(จำนวน - NOUN),(มากมาย - ADJ),9,(จุด - NOUN),(ลง - ADV),3,(วัด - NOUN),(ดี - VERB),6
(สถานที่ - NOUN),(มากมาย - ADJ),5,(จุด - NOUN),(ได้ - ADV),4,(วัด - NOUN),(เก็บรักษา - VERB),9
(แห่ง - NOUN),(มากมาย - ADJ),4,(บรรยากาศ - NOUN),(ทุก - ADV),13,(วัด - NOUN),(เป็น - VERB),14
(มุมมอง - NOUN),(มากมาย - ADJ),0,(บรรยากาศ - NOUN),(ที่สุด - ADV),28,(วัด - NOUN),(เพลิดเพลิน - VERB),21
(ที่จอดรถ - NOUN),(มากมาย - ADJ),0,(โรแมนติก - NOUN),(ทุก - ADV),9,(วัด - NOUN),(สัมผัส - VERB),23
(ที่จอดรถ - NOUN),(มากมาย - ADJ),3,(โรแมนติก - NOUN),(ที่สุด - ADV),24,(วัด - NOUN),(มี - VERB),31
(พื้นที่ - NOUN),(มากมาย - ADJ),0,(แหลม - NOUN),(ทุก - ADV),4,(วัด - NOUN),(ได้รับ - VERB),36
(มุมมอง - NOUN),(แหลม - ADJ),1,(แหลม - NOUN),(ที่สุด - ADV),19,(ธารา - NOUN),(เป็น - VERB),1
(ครั้ง - NOUN),(งดงาม - ADJ),5,(พรหม - NOUN),(ทุก - ADV),3,(ธารา - NOUN),(ดี - VERB),4
(ความสุข - NOUN),(งดงาม - ADJ),2,(พรหม - NOUN),(ที่สุด - ADV),18,(ธารา - NOUN),(เก็บรักษา - VERB),7
(ความ - NOUN),(งดงาม - ADJ),0,(เทพ - NOUN),(ทุก - ADV),2,(ธารา - NOUN),(เป็น - VERB),12
(คุณ - NOUN),(ดี - ADJ),17,(เทพ - NOUN),(ที่สุด - ADV),17,(ธารา - NOUN),(เพลิดเพลิน - VERB),19
(วัน - NOUN),(ดี - ADJ),12,(คน - NOUN),(ที่สุด - ADV),13,(ธารา - NOUN),(สัมผัส - VERB),21
(จุด - NOUN),(ดี - ADJ),9,(ภูมิทัศน์ - NOUN),(ที่สุด - ADV),9,(ธารา - NOUN),(มี - VERB),29
(ตอนเย็น - NOUN),(ดี - ADJ),4,(วิว - NOUN),(ที่สุด - ADV),2,(ธารา - NOUN),(ได้รับ - VERB),34
(พระอาทิตย์ - NOUN),(ดี - ADJ),2,(เวลา - NOUN),(ที่สุด - ADV),8,(วัด - NOUN),(ดี - VERB),1
(ตกดิน - NOUN),(ดี - ADJ),1,(เวลา - NOUN),(ลึกซึ้ง - ADV),17,(วัด - NOUN),(เก็บรักษา - VERB),4
(บรรยากาศ - NOUN),(ดี - ADJ),0,(พระอาทิตย์ - NOUN),(ที่สุด - ADV),7,(วัด - NOUN),(เป็น - VERB),9
(มากมาย - NOUN),(เล็ก - ADJ),2,(พระอาทิตย์ - NOUN),(ลึกซึ้ง - ADV),16,(วัด - NOUN),(เพลิดเพลิน - VERB),16
(แผงลอย - NOUN),(เล็ก - ADJ),0,(ช่วงเวลา - NOUN),(ที่สุด - ADV),2,(วัด - NOUN),(สัมผัส - VERB),18
(ข้างนอก - NOUN),(ข้างถนน - ADJ),2,(ช่วงเวลา - NOUN),(ลึกซึ้ง - ADV),11,(วัด - NOUN),(มี - VERB),26
(อาหาร - NOUN),(ข้างถนน - ADJ),0,(แรงบันดาลใจ - NOUN),(ลึกซึ้ง - ADV),5,(วัด - NOUN),(ได้รับ - VERB),31
(คุณภาพ - NOUN),(ด้านนอก - ADJ),0,(อารมณ์ - NOUN),(ลึกซึ้ง - ADV),3,(จังหวัด - NOUN),(เป็น - VERB),1
(คุณภาพ - NOUN),(หลัก - ADJ),2,(เชิง - NOUN),(ลึกซึ้ง - ADV),2,(จังหวัด - NOUN),(เพลิดเพลิน - VERB),8
(คุณภาพ - NOUN),(เล็ก - ADJ),5,(ด้าน - NOUN),(เพียง - ADV),5,(จังหวัด - NOUN),(สัมผัส - VERB),10
(ทางเข้า - NOUN),(หลัก - ADJ),0,(ด้าน - NOUN),(ยี่ - ADV),6,(จังหวัด - NOUN),(มี - VERB),18
(ทางเข้า - NOUN),(เล็ก - ADJ),3,(เวลา - NOUN),(เพียง - ADV),4,(จังหวัด - NOUN),(ได้รับ - VERB),23
(ร้านกาแฟ - NOUN),(เล็ก - ADJ),0,(เวลา - NOUN),(ยี่ - ADV),5,(สถานที่ - NOUN),(เพลิดเพลิน - VERB),5
(พระอาทิตย์ - NOUN),(สวยงาม - ADJ),2,(เวลา - NOUN),(เพียง - ADV),0,(สถานที่ - NOUN),(สัมผัส - VERB),7
(วิว - NOUN),(สวย - ADJ),2,(เวลา - NOUN),(ยี่ - ADV),1,(สถานที่ - NOUN),(มี - VERB),15
(ด้านบน - NOUN),(สวย - ADJ),0,(วิว - NOUN),(มาก - ADV),7,(สถานที่ - NOUN),(ได้รับ - VERB),20
(ความสุข - NOUN),(สั้น - ADJ),4,(พระอาทิตย์ - NOUN),(มาก - ADV),6,(จิตวิญญาณ - NOUN),(เพลิดเพลิน - VERB),3
(การ - NOUN),(สั้น - ADJ),2,(ที่ - NOUN),(มาก - ADV),3,(จิตวิญญาณ - NOUN),(สัมผัส - VERB),5
(ระยะ - NOUN),(สั้น - ADJ),0,(มุมมอง - NOUN),(แน่นอน - ADV),7,(จิตวิญญาณ - NOUN),(มี - VERB),13
(คุณ - NOUN),(สวยงาม - ADJ),6,(แหลม - NOUN),(แน่นอน - ADV),5,(จิตวิญญาณ - NOUN),(ได้รับ - VERB),18
(มุมมอง - NOUN),(สวยงาม - ADJ),3,(พรหม - NOUN),(แน่นอน - ADV),4,(คุณ - NOUN),(เพลิดเพลิน - VERB),1
(วิว - NOUN),(โปรด - ADJ),1,(เทพ - NOUN),(แน่นอน - ADV),3,(คุณ - NOUN),(สัมผัส - VERB),3
(ทาง - NOUN),(ลาดชัน - ADJ),0,(วิว - NOUN),(มาก - ADV),4,(คุณ - NOUN),(มี - VERB),11
(โรงแรม - NOUN),(ใกล้เคียง - ADJ),8,(พระอาทิตย์ - NOUN),(มาก - ADV),3,(คุณ - NOUN),(ได้รับ - VERB),16
(บริเวณ - NOUN),(ใกล้เคียง - ADJ),0,(ตกดิน - NOUN),(มาก - ADV),2,(ประเพณี - NOUN),(มี - VERB),5
(กลุ่ม - NOUN),(มาก - ADJ),2,(กรณี - NOUN),(เร็ว - ADV),7,(ประเพณี - NOUN),(ได้รับ - VERB),10
(นักท่องเที่ยว - NOUN),(มาก - ADJ),1,(คุณ - NOUN),(เร็ว - ADV),5,(อย่าง - NOUN),(มี - VERB),3
(จำนวน - NOUN),(มาก - ADJ),0,(พระอาทิตย์ - NOUN),(เร็ว - ADV),2,(อย่าง - NOUN),(ได้รับ - VERB),8
(ที่มา - NOUN),(สวย - ADJ),7,(สถานที่ - NOUN),(ที่สุด - ADV),2,(พระสงฆ์ - NOUN),(มี - VERB),1
(วันที่ - NOUN),(สวย - ADJ),4,(ยา - NOUN),(ไวย์ - ADV),3,(พระสงฆ์ - NOUN),(ได้รับ - VERB),6
(แดด - NOUN),(สวย - ADJ),2,(พระอาทิตย์ - NOUN),(กว่า - ADV),3,(คุณ - NOUN),(ได้รับ - VERB),2
(วิว - NOUN),(สวย - ADJ),0,(คน - NOUN),(ลง - ADV),1,(โชคดี - NOUN),(ได้รับ - VERB),1
(ประเทศ - NOUN),(ดัง - ADJ),6,(คน - NOUN),(เช่นกัน - ADV),2,(คุณ - NOUN),(มี - VERB),1
(ประเทศ - NOUN),(เล็ก - ADJ),15,(เส้นทาง - NOUN),(มาก - ADV),2,(มุมมอง - NOUN),(น่าตื่นตาตื่นใจ - VERB),1
(รา - NOUN),(ดัง - ADJ),3,(ระหว่างทาง - NOUN),(มาก - ADV),1,(คุณ - NOUN),(ชอบ - VERB),0
(รา - NOUN),(เล็ก - ADJ),12,(คุณ - NOUN),(ที่นี่ - ADV),8,(คุณ - NOUN),(ผจญภัย - VERB),2
(เมือง - NOUN),(เล็ก - ADJ),1,(จักรยาน - NOUN),(ไป - ADV),10,(คุณ - NOUN),(เดิน - VERB),3
(ชายทะเล - NOUN),(เล็ก - ADJ),0,(แท็กซี่ - NOUN),(ไป - ADV),8,(คุณ - NOUN),(ออก - VERB),4
(กลุ่ม - NOUN),(ส่วนตัว - ADJ),14,(คุณ - NOUN),(ไป - ADV),5,(คุณ - NOUN),(ไป - VERB),5
(ความสุข - NOUN),(ส่วนตัว - ADJ),3,(เวลา - NOUN),(ไป - ADV),1,(การ - NOUN),(ผจญภัย - VERB),0
(เวลา - NOUN),(ส่วนตัว - ADJ),0,(จำนวน - NOUN),(มาก - ADV),15,(การ - NOUN),(เดิน - VERB),1
(คน - NOUN),(น้อย - ADJ),0,(สถานที่ - NOUN),(มาก - ADV),11,(การ - NOUN),(ออก - VERB),2
(สูงชัน - NOUN),(สวยงาม - ADJ),6,(แห่ง - NOUN),(มาก - ADV),10,(การ - NOUN),(ไป - VERB),3
(ทิวทัศน์ - NOUN),(สวยงาม - ADJ),1,(มุมมอง - NOUN),(มาก - ADV),6,(รองเท้า - NOUN),(ดี - VERB),1
(สถานที่ - NOUN),(สำคัญ - ADJ),0,(การ - NOUN),(มาก - ADV),3,(รองเท้า - NOUN),(ปลอดภัย - VERB),3
(อาหารทะเล - NOUN),(สด - ADJ),0,(เรื่อง - NOUN),(เล็กน้อย - ADV),1,(คุณ - NOUN),(มี - VERB),0
(อาหารทะเล - NOUN),(สวย - ADJ),1,(ทิวทัศน์ - NOUN),(มาก - ADV),4,(คุณ - NOUN),(ใช้ - VERB),4
(อาหารทะเล - NOUN),(สมเหตุสมผล - ADJ),3,(ที่นี่ - NOUN),(มาก - ADV),3,(คุณ - NOUN),(ใช้ - VERB),7
(ราคา - NOUN),(สมเหตุสมผล - ADJ),0,(ธรรมชาติ - NOUN),(บาง - ADV),2,(เงื่อนไข - NOUN),(ใช้ - VERB),2
(นักท่องเที่ยว - NOUN),(มาก - ADJ),1,(ธรรมชาติ - NOUN),(ที่นี่ - ADV),4,(เงื่อนไข - NOUN),(ใช้ - VERB),5
(จำนวน - NOUN),(มาก - ADJ),0,(อย่าง - NOUN),(ที่นี่ - ADV),0,(ทางการ - NOUN),(ใช้ - VERB),1
(พื้นที่ - NOUN),(เหลือเฟือ - ADJ),0,(พระอาทิตย์ - NOUN),(มาก - ADV),3,(ทางการ - NOUN),(ใช้ - VERB),4
(บรรยากาศ - NOUN),(ดี - ADJ),0,(คุณ - NOUN),(แน่นอน - ADV),7,(แพทย์ - NOUN),(ใช้ - VERB),0
(รูปปั้น - NOUN),(ช้าง - ADJ),0,(คุณ - NOUN),(แน่นอน - ADV),4,(แพทย์ - NOUN),(ใช้ - VERB),3
(สถานที่ - NOUN),(หนาแน่น - ADJ),2,(คุณ - NOUN),(บาง - ADV),2,(น้ำ - NOUN),(ใช้ - VERB),1
(ผู้คน - NOUN),(หนาแน่น - ADJ),0,(คุณ - NOUN),(มาก - ADV),4,(จุด - NOUN),(หยาบ - VERB),3
(วิหาร - NOUN),(เล็ก - ADJ),0,(สิ่ง - NOUN),(มาก - ADV),0,(จุด - NOUN),(มี - VERB),5
(จุด - NOUN),(ใกล้เคียง - ADJ),24,(รถ - NOUN),(ประมาณ - ADV),10,(จุด - NOUN),(เข้า - VERB),7
(วิว - NOUN),(ใกล้เคียง - ADJ),22,(ป่า - NOUN),(ประมาณ - ADV),7,(จุด - NOUN),(มา - VERB),8
(จุด - NOUN),(ใกล้เคียง - ADJ),16,(ตอง - NOUN),(ประมาณ - ADV),6,(จุด - NOUN),(ระวัง - VERB),9
(พระอาทิตย์ - NOUN),(ใกล้เคียง - ADJ),14,(ราคา - NOUN),(ประมาณ - ADV),0,(จุด - NOUN),(มี - VERB),12
(เครื่องดื่ม - NOUN),(ใกล้เคียง - ADJ),9,(คุณ - NOUN),(ยานพาหนะ - ADV),1,(จุด - NOUN),(ด้อม - VERB),14
(แผงขาย - NOUN),(ใกล้เคียง - ADJ),7,(คุณ - NOUN),(ตลอด - ADV),2,(จุด - NOUN),(เข้า - VERB),18
(ไอศ - NOUN),(ใกล้เคียง - ADJ),6,(คุณ - NOUN),(ทั้ง - ADV),3,(จุด - NOUN),(ใกล้ - VERB),19
(ครีม - NOUN),(ใกล้เคียง - ADJ),5,(จุด - NOUN),(เว้นแต่ - ADV),3,(พายุ - NOUN),(เข้า - VERB),0
(ที่นี่ - NOUN),(ใกล้เคียง - ADJ),4,(จุด - NOUN),(ที่สุด - ADV),32,(พายุ - NOUN),(มา - VERB),1
(ร้านอาหาร - NOUN),(ใกล้เคียง - ADJ),2,(สถานที่ - NOUN),(เว้นแต่ - ADV),1,(พายุ - NOUN),(ระวัง - VERB),2
(บริเวณ - NOUN),(ใกล้เคียง - ADJ),0,(สถานที่ - NOUN),(ที่สุด - ADV),30,(พายุ - NOUN),(มี - VERB),5
(ปัญหา - NOUN),(เดียว - ADJ),0,(คุณ - NOUN),(ที่สุด - ADV),26,(พายุ - NOUN),(ด้อม - VERB),7
(ตลาด - NOUN),(เล็ก - ADJ),0,(ภาคเหนือ - NOUN),(ที่สุด - ADV),22,(พายุ - NOUN),(เข้า - VERB),11
(น่ารัก - NOUN),(สมเหตุสมผล - ADJ),5,(หมดหวัง - NOUN),(ที่สุด - ADV),20,(พายุ - NOUN),(ใกล้ - VERB),12
(อาหารว่าง - NOUN),(สมเหตุสมผล - ADJ),3,(พระอาทิตย์ - NOUN),(ที่สุด - ADV),16,(คลื่น - NOUN),(มี - VERB),1
(สินค้า - NOUN),(สมเหตุสมผล - ADJ),1,(โหลด - NOUN),(ที่สุด - ADV),13,(คลื่น - NOUN),(ด้อม - VERB),3
(ราคา - NOUN),(สมเหตุสมผล - ADJ),0,(ผู้คน - NOUN),(ที่สุด - ADV),11,(คลื่น - NOUN),(เข้า - VERB),7
(เครื่องดื่ม - NOUN),(ยี่ - ADJ),1,(จุด - NOUN),(ที่สุด - ADV),2,(คลื่น - NOUN),(ใกล้ - VERB),8
(เครื่องดื่ม - NOUN),(แทนที่จะ - ADJ),4,(นา - NOUN),(ขึ้น - ADV),18,(วิธี - NOUN),(ด้อม - VERB),0
(ราคา - NOUN),(ยี่ - ADJ),0,(หาน - NOUN),(ขึ้น - ADV),17,(วิธี - NOUN),(เข้า - VERB),4
(ราคา - NOUN),(แทนที่จะ - ADJ),3,(พระอาทิตย์ - NOUN),(ขึ้น - ADV),7,(วิธี - NOUN),(ใกล้ - VERB),5
(บาท - NOUN),(แทนที่จะ - ADJ),0,(มุมมอง - NOUN),(ขึ้น - ADV),2,(คุณ - NOUN),(เข้า - VERB),2
, , ,(วิว - NOUN),(มาก - ADV),3,(คุณ - NOUN),(ใกล้ - VERB),3
, , ,(วิว - NOUN),(ขึ้น - ADV),6,(คุณ - NOUN),(เข้า - VERB),0
, , ,(วิว - NOUN),(ง่าย - ADV),9,(คุณ - NOUN),(ใกล้ - VERB),1
, , ,(วิว - NOUN),(มาก - ADV),10,(คุณ - NOUN),(ว่ายน้ำ - VERB),2
, , ,(ด้านบน - NOUN),(มาก - ADV),1,(คุณ - NOUN),(ลอง - VERB),9
, , ,(ด้านบน - NOUN),(ขึ้น - ADV),4,(รอบ - NOUN),(ลอง - VERB),5
, , ,(ด้านบน - NOUN),(ง่าย - ADV),7,(โง่ - NOUN),(ลอง - VERB),2
, , ,(ด้านบน - NOUN),(มาก - ADV),8,(คุณ - NOUN),(ลอง - VERB),0
, , ,(การ - NOUN),(ขึ้น - ADV),1,(จุด - NOUN),(ชม - VERB),0
, , ,(การ - NOUN),(ง่าย - ADV),4,(จุด - NOUN),(ตก - VERB),2
, , ,(การ - NOUN),(มาก - ADV),5,(จุด - NOUN),(พลาด - VERB),10
, , ,(ปานกลาง - NOUN),(ง่าย - ADV),1,(จุด - NOUN),(อยู่ - VERB),12
, , ,(ปานกลาง - NOUN),(มาก - ADV),2,(พระอาทิตย์ - NOUN),(ตก - VERB),0
, , ,(คุณ - NOUN),(มาก - ADV),2,(พระอาทิตย์ - NOUN),(พลาด - VERB),8
, , ,(คุณ - NOUN),(พอ - ADV),3,(พระอาทิตย์ - NOUN),(อยู่ - VERB),10
, , ,(เวลา - NOUN),(มาก - ADV),0,(ประเทศ - NOUN),(พลาด - VERB),5
, , ,(เวลา - NOUN),(พอ - ADV),1,(ประเทศ - NOUN),(อยู่ - VERB),7
, , ,(เวลา - NOUN),(ขึ้น - ADV),1,(คุณ - NOUN),(พลาด - VERB),2
, , ,(พระอาทิตย์ - NOUN),(ขึ้น - ADV),0,(คุณ - NOUN),(อยู่ - VERB),4
, , ,(ตอน - NOUN),(ด้วย - ADV),1,(คุณ - NOUN),(สวม - VERB),0
, , ,(เที่ยง - NOUN),(ด้วย - ADV),0,(คุณ - NOUN),(เดิน - VERB),2
, , ,(มุมมอง - NOUN),(ที่สุด - ADV),2,(คุณ - NOUN),(ลง - VERB),3
, , ,(คุณ - NOUN),(ที่นี่ - ADV),5,(คุณ - NOUN),(ไป - VERB),4
, , ,(คุณ - NOUN),(ที่นี่ - ADV),2,(คุณ - NOUN),(ใช้ - VERB),8
, , ,(วิว - NOUN),(โดยเฉพาะ - ADV),2,(คุณ - NOUN),(ดี - VERB),11
, , ,(ทาง - NOUN),(ได้ - ADV),4,(รองเท้ากีฬา - NOUN),(เดิน - VERB),0
, , ,(ทาง - NOUN),(ที่สุด - ADV),9,(รองเท้ากีฬา - NOUN),(ลง - VERB),1
, , ,(คุณ - NOUN),(ได้ - ADV),2,(รองเท้ากีฬา - NOUN),(ไป - VERB),2
, , ,(คุณ - NOUN),(ที่สุด - ADV),7,(รองเท้ากีฬา - NOUN),(ใช้ - VERB),6
, , ,(มุมมอง - NOUN),(ที่สุด - ADV),2,(รองเท้ากีฬา - NOUN),(ดี - VERB),9
, , ,(สภาพแวดล้อม - NOUN),(มาก - ADV),22,(หน้าผา - NOUN),(ใช้ - VERB),1
, , ,(คุณ - NOUN),(มาก - ADV),21,(หน้าผา - NOUN),(ดี - VERB),4
, , ,(พื้นที่ - NOUN),(มาก - ADV),16,(ช่วงเวลา - NOUN),(ดี - VERB),1
, , ,(หลัง - NOUN),(มาก - ADV),11,(จุด - NOUN),(ชม - VERB),0
, , ,(พระอาทิตย์ - NOUN),(มาก - ADV),9,(จุด - NOUN),(ดู - VERB),3
, , ,(ชีวิตชีวา - NOUN),(มาก - ADV),0,(วิว - NOUN),(ดู - VERB),1
, , ,(โรงแรม - NOUN),(มาก - ADV),2,(กังหันลม - NOUN),(ดู - VERB),0
, , ,(โรงแรม - NOUN),(ได้ - ADV),5,(ที่จอดรถ - NOUN),(ขับ - VERB),1
, , ,(หนังสือ - NOUN),(ล่วงหน้า - ADV),0,(เยอะ - NOUN),(ขับ - VERB),0
, , ,(หนังสือ - NOUN),(มาก - ADV),4,(จุด - NOUN),(ดี - VERB),1
, , ,(น้ำ - NOUN),(มาก - ADV),1,(จุด - NOUN),(สงสัย - VERB),8
, , ,(ปริมาณ - NOUN),(มาก - ADV),0,(จุด - NOUN),(ชม - VERB),10
, , ,(พรหม - NOUN),(อยู่ - ADV),12,(จุด - NOUN),(ตก - VERB),12
, , ,(พรหม - NOUN),(ใกล้ - ADV),13,(เกาะ - NOUN),(สงสัย - VERB),3
, , ,(เทพ - NOUN),(อยู่ - ADV),11,(เกาะ - NOUN),(ชม - VERB),5
, , ,(เทพ - NOUN),(ใกล้ - ADV),12,(เกาะ - NOUN),(ตก - VERB),7
, , ,(รถมอเตอร์ไซค์ - NOUN),(อยู่ - ADV),2,(พระอาทิตย์ - NOUN),(ตก - VERB),0
, , ,(รถมอเตอร์ไซค์ - NOUN),(ใกล้ - ADV),3,(ฝูงชน - NOUN),(บ้าคลั่ง - VERB),1
, , ,(ที่มา - NOUN),(มาก - ADV),8,(ฝูงชน - NOUN),(เป็น - VERB),3
, , ,(วันที่ - NOUN),(มาก - ADV),5,(จำนวน - NOUN),(เป็น - VERB),2
, , ,(แดด - NOUN),(มาก - ADV),3,(พระอาทิตย์ - NOUN),(ตก - VERB),0
, , ,(วิว - NOUN),(มาก - ADV),1,(รูป - NOUN),(ออก - VERB),2
, , ,(ประเทศ - NOUN),(มาก - ADV),7,(รูป - NOUN),(ไป - VERB),3
, , ,(รา - NOUN),(มาก - ADV),4,(รูป - NOUN),(มอง - VERB),8
, , ,(บริเวณ - NOUN),(สวยงาม - ADV),10,(รูป - NOUN),(ไป - VERB),9
, , ,(สวดมนต์ - NOUN),(สวยงาม - ADV),9,(รูป - NOUN),(ดัง - VERB),13
, , ,(สิ่ง - NOUN),(สวยงาม - ADV),4,(หันหลัง - NOUN),(ออก - VERB),1
, , ,(คุณ - NOUN),(สวยงาม - ADV),2,(หันหลัง - NOUN),(ไป - VERB),2
, , ,(โชคดี - NOUN),(ที่นั่น - ADV),14,(หันหลัง - NOUN),(มอง - VERB),7
, , ,(พื้นที่ - NOUN),(ที่นั่น - ADV),10,(หันหลัง - NOUN),(ไป - VERB),8
, , ,(ช่วงเวลา - NOUN),(ที่นั่น - ADV),3,(หันหลัง - NOUN),(ดัง - VERB),12
, , ,(กลุ่ม - NOUN),(มาก - ADV),2,(ดวงอาทิตย์ - NOUN),(ดัง - VERB),1
, , ,(คน - NOUN),(กว่า - ADV),5,(สถานที่ - NOUN),(มี - VERB),2
, , ,(ประสบการณ์ - NOUN),(กว่า - ADV),3,(สถานที่ - NOUN),(เยี่ยม - VERB),5
, , ,(สวย - NOUN),(มาก - ADV),0,(สถานที่ - NOUN),(ชม - VERB),6
, , ,(จุด - NOUN),(ตลอด - ADV),4,(น่าจะ - NOUN),(มี - VERB),1
, , ,(วิว - NOUN),(ตลอด - ADV),2,(น่าจะ - NOUN),(เยี่ยม - VERB),4
, , ,(เวลา - NOUN),(ประมาณ - ADV),9,(น่าจะ - NOUN),(ชม - VERB),5
, , ,(พระอาทิตย์ - NOUN),(ประมาณ - ADV),8,(มูลค่า - NOUN),(เยี่ยม - VERB),1
, , ,(โมง - NOUN),(ก่อน - ADV),4,(มูลค่า - NOUN),(ชม - VERB),2
, , ,(เย็น - NOUN),(ก่อน - ADV),3,(การ - NOUN),(เยี่ยม - VERB),0
, , ,(พระอาทิตย์ - NOUN),(มาก - ADV),7,(การ - NOUN),(ชม - VERB),1
, , ,(พระอาทิตย์ - NOUN),(อื่นๆ - ADV),13,(จุด - NOUN),(ซ่อน - VERB),2
, , ,(มุม - NOUN),(มาก - ADV),4,(จุด - NOUN),(บ้า - VERB),6
, , ,(มุม - NOUN),(อื่นๆ - ADV),10,(ความ - NOUN),(บ้า - VERB),0
, , ,(สระ - NOUN),(มาก - ADV),3,(ดวงอาทิตย์ - NOUN),(กระทบ - VERB),0
, , ,(สระ - NOUN),(อื่นๆ - ADV),9,(ดวงอาทิตย์ - NOUN),(ต้องหา - VERB),6
, , ,(บัว - NOUN),(มาก - ADV),2,(ดวงอาทิตย์ - NOUN),(สนุก - VERB),9
, , ,(บัว - NOUN),(อื่นๆ - ADV),8,(ร่มเงา - NOUN),(สนุก - VERB),1
, , ,(อาหารเย็น - NOUN),(อื่นๆ - ADV),2,(การท่องเที่ยว - NOUN),(ไป - VERB),7
, , ,(สถานที่ - NOUN),(ต่อไป - ADV),12,(การท่องเที่ยว - NOUN),(เยี่ยม - VERB),8
, , ,(น่าเกรงขาม - NOUN),(ต่อไป - ADV),9,(การท่องเที่ยว - NOUN),(ชม - VERB),9
, , ,(สิ่ง - NOUN),(ต่อไป - ADV),7,(จังหวัด - NOUN),(ไป - VERB),5
, , ,(นักท่องเที่ยว - NOUN),(เกินไป - ADV),7,(จังหวัด - NOUN),(เยี่ยม - VERB),6
, , ,(จำนวน - NOUN),(เกินไป - ADV),6,(จังหวัด - NOUN),(ชม - VERB),7
, , ,(สถานที่ - NOUN),(เกินไป - ADV),4,(คน - NOUN),(ไป - VERB),1
, , ,(บรรยากาศ - NOUN),(มาก - ADV),1,(คน - NOUN),(เยี่ยม - VERB),2
, , ,(สถานที่ - NOUN),(จริงๆ - ADV),2,(คน - NOUN),(ชม - VERB),3
, , ,(เวลา - NOUN),(ที่สุด - ADV),2,(คน - NOUN),(แน่น - VERB),1
, , ,(การ - NOUN),(ประมาณ - ADV),2,(คน - NOUN),(เป็น - VERB),5
, , ,(สถานที่ - NOUN),(ดี - ADV),4,(คน - NOUN),(ไป - VERB),2
, , ,(การ - NOUN),(ดี - ADV),2,(คน - NOUN),(หา - VERB),5
, , ,(คุ้มค่า - NOUN),(แน่นอน - ADV),1,(ข้างหน้า - NOUN),(หา - VERB),1
, , ,(การ - NOUN),(มาก - ADV),6,(จุด - NOUN),(เดิน - VERB),2
, , ,(นาที - NOUN),(มาก - ADV),2,(บรรยากาศ - NOUN),(เงียบสงบ - VERB),1
, , ,(จุด - NOUN),(อยู่ - ADV),4,(บรรยากาศ - NOUN),(แตกสลาย - VERB),6
, , ,(วิว - NOUN),(อยู่ - ADV),2,(บรรยากาศ - NOUN),(กระตุ้น - VERB),11
, , ,(น่ารัก - NOUN),(มาก - ADV),6,(บรรยากาศ - NOUN),(ไป - VERB),15
, , ,(อาหารว่าง - NOUN),(มาก - ADV),4,(บรรยากาศ - NOUN),(เยี่ยม - VERB),16
, , ,(สินค้า - NOUN),(มาก - ADV),2,(บรรยากาศ - NOUN),(ชม - VERB),17
, , ,(ราคา - NOUN),(มาก - ADV),1,(บรรยากาศ - NOUN),(พา - VERB),19
, , ,(ประสบการณ์ - NOUN),(จริงๆ - ADV),2,(บรรยากาศ - NOUN),(โนรา - VERB),20
, , ,, , ,(บรรยากาศ - NOUN),(มา - VERB),21
, , ,, , ,(บรรยากาศ - NOUN),(งดงาม - VERB),23
, , ,, , ,(บรรยากาศ - NOUN),(พร้อม - VERB),24
, , ,, , ,(บรรยากาศ - NOUN),(สวยงาม - VERB),27
, , ,, , ,(โรแมนติก - NOUN),(แตกสลาย - VERB),2
, , ,, , ,(โรแมนติก - NOUN),(กระตุ้น - VERB),7
, , ,, , ,(โรแมนติก - NOUN),(ไป - VERB),11
, , ,, , ,(โรแมนติก - NOUN),(เยี่ยม - VERB),12
, , ,, , ,(โรแมนติก - NOUN),(ชม - VERB),13
, , ,, , ,(โรแมนติก - NOUN),(พา - VERB),15
, , ,, , ,(โรแมนติก - NOUN),(โนรา - VERB),16
, , ,, , ,(โรแมนติก - NOUN),(มา - VERB),17
, , ,, , ,(โรแมนติก - NOUN),(งดงาม - VERB),19
, , ,, , ,(โรแมนติก - NOUN),(พร้อม - VERB),20
, , ,, , ,(โรแมนติก - NOUN),(สวยงาม - VERB),23
, , ,, , ,(แหลม - NOUN),(กระตุ้น - VERB),2
, , ,, , ,(แหลม - NOUN),(ไป - VERB),6
, , ,, , ,(แหลม - NOUN),(เยี่ยม - VERB),7
, , ,, , ,(แหลม - NOUN),(ชม - VERB),8
, , ,, , ,(แหลม - NOUN),(พา - VERB),10
, , ,, , ,(แหลม - NOUN),(โนรา - VERB),11
, , ,, , ,(แหลม - NOUN),(มา - VERB),12
, , ,, , ,(แหลม - NOUN),(งดงาม - VERB),14
, , ,, , ,(แหลม - NOUN),(พร้อม - VERB),15
, , ,, , ,(แหลม - NOUN),(สวยงาม - VERB),18
, , ,, , ,(พรหม - NOUN),(กระตุ้น - VERB),1
, , ,, , ,(พรหม - NOUN),(ไป - VERB),5
, , ,, , ,(พรหม - NOUN),(เยี่ยม - VERB),6
, , ,, , ,(พรหม - NOUN),(ชม - VERB),7
, , ,, , ,(พรหม - NOUN),(พา - VERB),9
, , ,, , ,(พรหม - NOUN),(โนรา - VERB),10
, , ,, , ,(พรหม - NOUN),(มา - VERB),11
, , ,, , ,(พรหม - NOUN),(งดงาม - VERB),13
, , ,, , ,(พรหม - NOUN),(พร้อม - VERB),14
, , ,, , ,(พรหม - NOUN),(สวยงาม - VERB),17
, , ,, , ,(เทพ - NOUN),(กระตุ้น - VERB),0
, , ,, , ,(เทพ - NOUN),(ไป - VERB),4
, , ,, , ,(เทพ - NOUN),(เยี่ยม - VERB),5
, , ,, , ,(เทพ - NOUN),(ชม - VERB),6
, , ,, , ,(เทพ - NOUN),(พา - VERB),8
, , ,, , ,(เทพ - NOUN),(โนรา - VERB),9
, , ,, , ,(เทพ - NOUN),(มา - VERB),10
, , ,, , ,(เทพ - NOUN),(งดงาม - VERB),12
, , ,, , ,(เทพ - NOUN),(พร้อม - VERB),13
, , ,, , ,(เทพ - NOUN),(สวยงาม - VERB),16
, , ,, , ,(คน - NOUN),(ไป - VERB),0
, , ,, , ,(คน - NOUN),(เยี่ยม - VERB),1
, , ,, , ,(คน - NOUN),(ชม - VERB),2
, , ,, , ,(คน - NOUN),(พา - VERB),4
, , ,, , ,(คน - NOUN),(โนรา - VERB),5
, , ,, , ,(คน - NOUN),(มา - VERB),6
, , ,, , ,(คน - NOUN),(งดงาม - VERB),8
, , ,, , ,(คน - NOUN),(พร้อม - VERB),9
, , ,, , ,(คน - NOUN),(สวยงาม - VERB),12
, , ,, , ,(ภูมิทัศน์ - NOUN),(พา - VERB),0
, , ,, , ,(ภูมิทัศน์ - NOUN),(โนรา - VERB),1
, , ,, , ,(ภูมิทัศน์ - NOUN),(มา - VERB),2
, , ,, , ,(ภูมิทัศน์ - NOUN),(งดงาม - VERB),4
, , ,, , ,(ภูมิทัศน์ - NOUN),(พร้อม - VERB),5
, , ,, , ,(ภูมิทัศน์ - NOUN),(สวยงาม - VERB),8
, , ,, , ,(วิว - NOUN),(สวยงาม - VERB),1
, , ,, , ,(จุดตรวจ - NOUN),(ยอดเยี่ยม - VERB),1
, , ,, , ,(จุดตรวจ - NOUN),(มี - VERB),3
, , ,, , ,(จุดตรวจ - NOUN),(พิจารณา - VERB),5
, , ,, , ,(จุดตรวจ - NOUN),(ฟี่ - VERB),8
, , ,, , ,(จุดตรวจ - NOUN),(เพียงพอ - VERB),10
, , ,, , ,(การ - NOUN),(พิจารณา - VERB),0
, , ,, , ,(การ - NOUN),(ฟี่ - VERB),3
, , ,, , ,(การ - NOUN),(เพียงพอ - VERB),5
, , ,, , ,(เซล - NOUN),(ฟี่ - VERB),0
, , ,, , ,(เซล - NOUN),(เพียงพอ - VERB),2
, , ,, , ,(เวลา - NOUN),(ตก - VERB),1
, , ,, , ,(เวลา - NOUN),(เป็น - VERB),4
, , ,, , ,(เวลา - NOUN),(โรแมนติก - VERB),7
, , ,, , ,(เวลา - NOUN),(สร้าง - VERB),10
, , ,, , ,(พระอาทิตย์ - NOUN),(ตก - VERB),0
, , ,, , ,(พระอาทิตย์ - NOUN),(เป็น - VERB),3
, , ,, , ,(พระอาทิตย์ - NOUN),(โรแมนติก - VERB),6
, , ,, , ,(พระอาทิตย์ - NOUN),(สร้าง - VERB),9
, , ,, , ,(ช่วงเวลา - NOUN),(โรแมนติก - VERB),1
, , ,, , ,(ช่วงเวลา - NOUN),(สร้าง - VERB),4
, , ,, , ,(คุณ - NOUN),(ชม - VERB),1
, , ,, , ,(คุณ - NOUN),(สวยงาม - VERB),4
, , ,, , ,(คุณ - NOUN),(พระอาทิตย์ - VERB),6
, , ,, , ,(คุณ - NOUN),(ตก - VERB),7
, , ,, , ,(วิว - NOUN),(สวยงาม - VERB),1
, , ,, , ,(วิว - NOUN),(พระอาทิตย์ - VERB),3
, , ,, , ,(วิว - NOUN),(ตก - VERB),4
, , ,, , ,(ที่จอดรถ - NOUN),(มี - VERB),0
, , ,, , ,(คุณ - NOUN),(ขับ - VERB),0
, , ,, , ,(การ - NOUN),(เยี่ยม - VERB),0
, , ,, , ,(การ - NOUN),(ชม - VERB),1
, , ,, , ,(การ - NOUN),(วางแผน - VERB),4
, , ,, , ,(ด้าน - NOUN),(ใช้ - VERB),3
, , ,, , ,(เวลา - NOUN),(ใช้ - VERB),2
, , ,, , ,(วิว - NOUN),(ตก - VERB),1
, , ,, , ,(วิว - NOUN),(ตั้ง - VERB),4
, , ,, , ,(วิว - NOUN),(ยอดเยี่ยม - VERB),6
, , ,, , ,(พระอาทิตย์ - NOUN),(ตก - VERB),0
, , ,, , ,(พระอาทิตย์ - NOUN),(ตั้ง - VERB),3
, , ,, , ,(พระอาทิตย์ - NOUN),(ยอดเยี่ยม - VERB),5
, , ,, , ,(ที่ - NOUN),(ตั้ง - VERB),0
, , ,, , ,(ที่ - NOUN),(ยอดเยี่ยม - VERB),2
, , ,, , ,(ทะเล - NOUN),(ตก - VERB),3
, , ,, , ,(พระอาทิตย์ - NOUN),(ตก - VERB),0
, , ,, , ,(การ - NOUN),(รวม - VERB),0
, , ,, , ,(การ - NOUN),(ดี - VERB),3
, , ,, , ,(มุมมอง - NOUN),(สวยงาม - VERB),5
, , ,, , ,(แหลม - NOUN),(สวยงาม - VERB),3
, , ,, , ,(พรหม - NOUN),(สวยงาม - VERB),2
, , ,, , ,(เทพ - NOUN),(สวยงาม - VERB),1
, , ,, , ,(กรณี - NOUN),(ต้องการ - VERB),2
, , ,, , ,(กรณี - NOUN),(ชม - VERB),3
, , ,, , ,(กรณี - NOUN),(ตก - VERB),5
, , ,, , ,(กรณี - NOUN),(เริ่มต้น - VERB),6
, , ,, , ,(คุณ - NOUN),(ต้องการ - VERB),0
, , ,, , ,(คุณ - NOUN),(ชม - VERB),1
, , ,, , ,(คุณ - NOUN),(ตก - VERB),3
, , ,, , ,(คุณ - NOUN),(เริ่มต้น - VERB),4
, , ,, , ,(พระอาทิตย์ - NOUN),(ตก - VERB),0
, , ,, , ,(พระอาทิตย์ - NOUN),(เริ่มต้น - VERB),1
, , ,, , ,(พรหม - NOUN),(เป็น - VERB),1
, , ,, , ,(พรหม - NOUN),(พลาด - VERB),6
, , ,, , ,(เทพ - NOUN),(เป็น - VERB),0
, , ,, , ,(เทพ - NOUN),(พลาด - VERB),5
, , ,, , ,(สถานที่ - NOUN),(พลาด - VERB),3
, , ,, , ,(นักท่องเที่ยว - NOUN),(มา - VERB),1
, , ,, , ,(นักท่องเที่ยว - NOUN),(ถึง - VERB),2
, , ,, , ,(การ - NOUN),(บีบ - VERB),0
, , ,, , ,(การ - NOUN),(ไป - VERB),1
, , ,, , ,(การ - NOUN),(ดี - VERB),10
, , ,, , ,(ด้านหน้า - NOUN),(ดี - VERB),6
, , ,, , ,(หน้าผา - NOUN),(ดี - VERB),5
, , ,, , ,(มุมมอง - NOUN),(ดี - VERB),1
, , ,, , ,(มุมมอง - NOUN),(ยอดเยี่ยม - VERB),1
, , ,, , ,(มุมมอง - NOUN),(สดชื่น - VERB),3
, , ,, , ,(มุมมอง - NOUN),(พระอาทิตย์ - VERB),8
, , ,, , ,(มุมมอง - NOUN),(ตกดิน - VERB),9
, , ,, , ,(มุมมอง - NOUN),(เกิน - VERB),10
, , ,, , ,(ด้านบน - NOUN),(พระอาทิตย์ - VERB),2
, , ,, , ,(ด้านบน - NOUN),(ตกดิน - VERB),3
, , ,, , ,(ด้านบน - NOUN),(เกิน - VERB),4
, , ,, , ,(สถานที่ - NOUN),(ดี - VERB),1
, , ,, , ,(สถานที่ - NOUN),(ชม - VERB),5
, , ,, , ,(สถานที่ - NOUN),(ตก - VERB),7
, , ,, , ,(การ - NOUN),(ชม - VERB),0
, , ,, , ,(การ - NOUN),(ตก - VERB),2
, , ,, , ,(พระอาทิตย์ - NOUN),(ตก - VERB),0
, , ,, , ,(มุมมอง - NOUN),(ทำให้ - VERB),1
, , ,, , ,(มุมมอง - NOUN),(เป็น - VERB),2
, , ,, , ,(มุมมอง - NOUN),(เปิด - VERB),4
, , ,, , ,(ทาส - NOUN),(เปิด - VERB),0
, , ,, , ,(ยา - NOUN),(นุ้ย - VERB),0
, , ,, , ,(ยา - NOUN),(รา - VERB),2
, , ,, , ,(ร้านค้า - NOUN),(มี - VERB),5
, , ,, , ,(ร้านค้า - NOUN),(ยืน - VERB),12
, , ,, , ,(ร้านกาแฟ - NOUN),(มี - VERB),3
, , ,, , ,(ร้านกาแฟ - NOUN),(ยืน - VERB),10
, , ,, , ,(อนุสาวรีย์ - NOUN),(ยืน - VERB),5
, , ,, , ,(ผู้หมวด - NOUN),(ยืน - VERB),3
, , ,, , ,(บาง - NOUN),(ยืน - VERB),1
, , ,, , ,(พุทธ - NOUN),(ยืน - VERB),0
, , ,, , ,(พระอาทิตย์ - NOUN),(ตก - VERB),0
, , ,, , ,(พระอาทิตย์ - NOUN),(สวยงาม - VERB),2
, , ,, , ,(เส้นทาง - NOUN),(ลง - VERB),1
, , ,, , ,(เส้นทาง - NOUN),(ดู - VERB),6
, , ,, , ,(เส้นทาง - NOUN),(สวมใส่ - VERB),8
, , ,, , ,(เส้นทาง - NOUN),(คุ้มค่า - VERB),9
, , ,, , ,(เส้นทาง - NOUN),(เดิน - VERB),12
, , ,, , ,(ระหว่างทาง - NOUN),(ลง - VERB),0
, , ,, , ,(ระหว่างทาง - NOUN),(ดู - VERB),5
, , ,, , ,(ระหว่างทาง - NOUN),(สวมใส่ - VERB),7
, , ,, , ,(ระหว่างทาง - NOUN),(คุ้มค่า - VERB),8
, , ,, , ,(ระหว่างทาง - NOUN),(เดิน - VERB),11
, , ,, , ,(โขดหิน - NOUN),(ดู - VERB),2
, , ,, , ,(โขดหิน - NOUN),(สวมใส่ - VERB),4
, , ,, , ,(โขดหิน - NOUN),(คุ้มค่า - VERB),5
, , ,, , ,(โขดหิน - NOUN),(เดิน - VERB),8
, , ,, , ,(อันตราย - NOUN),(ดู - VERB),0
, , ,, , ,(อันตราย - NOUN),(สวมใส่ - VERB),2
, , ,, , ,(อันตราย - NOUN),(คุ้มค่า - VERB),3
, , ,, , ,(อันตราย - NOUN),(เดิน - VERB),6
, , ,, , ,(รองเท้า - NOUN),(สวมใส่ - VERB),0
, , ,, , ,(รองเท้า - NOUN),(คุ้มค่า - VERB),1
, , ,, , ,(รองเท้า - NOUN),(เดิน - VERB),4
, , ,, , ,(การ - NOUN),(เดิน - VERB),0
, , ,, , ,(พระอาทิตย์ - NOUN),(ตก - VERB),0
, , ,, , ,(พระอาทิตย์ - NOUN),(สวยงาม - VERB),2
, , ,, , ,(พระอาทิตย์ - NOUN),(เป็น - VERB),4
, , ,, , ,(พระอาทิตย์ - NOUN),(ไป - VERB),8
, , ,, , ,(พระอาทิตย์ - NOUN),(เยี่ยม - VERB),9
, , ,, , ,(พระอาทิตย์ - NOUN),(ชม - VERB),10
, , ,, , ,(สิ่ง - NOUN),(ไป - VERB),2
, , ,, , ,(สิ่ง - NOUN),(เยี่ยม - VERB),3
, , ,, , ,(สิ่ง - NOUN),(ชม - VERB),4
, , ,, , ,(คุณ - NOUN),(ไป - VERB),2
, , ,, , ,(คุณ - NOUN),(ไม่ได้ - VERB),6
, , ,, , ,(คุณ - NOUN),(มา - VERB),7
, , ,, , ,(สถานที่ - NOUN),(สวยงาม - VERB),1
, , ,, , ,(สถานที่ - NOUN),(เยี่ยม - VERB),4
, , ,, , ,(สถานที่ - NOUN),(ชม - VERB),5
, , ,, , ,(สถานที่ - NOUN),(ตก - VERB),8
, , ,, , ,(การ - NOUN),(เยี่ยม - VERB),0
, , ,, , ,(การ - NOUN),(ชม - VERB),1
, , ,, , ,(การ - NOUN),(ตก - VERB),4
, , ,, , ,(พระอาทิตย์ - NOUN),(ตก - VERB),0
, , ,, , ,(ส่วนหนึ่ง - NOUN),(เที่ยวชม - VERB),2
, , ,, , ,(การ - NOUN),(เที่ยวชม - VERB),0
, , ,, , ,(จักรยาน - NOUN),(ใช้ - VERB),7
, , ,, , ,(จักรยาน - NOUN),(เพลิดเพลิน - VERB),9
, , ,, , ,(จักรยาน - NOUN),(ชม - VERB),13
, , ,, , ,(แท็กซี่ - NOUN),(ใช้ - VERB),5
, , ,, , ,(แท็กซี่ - NOUN),(เพลิดเพลิน - VERB),7
, , ,, , ,(แท็กซี่ - NOUN),(ชม - VERB),11
, , ,, , ,(คุณ - NOUN),(ใช้ - VERB),2
, , ,, , ,(คุณ - NOUN),(เพลิดเพลิน - VERB),4
, , ,, , ,(คุณ - NOUN),(ชม - VERB),8
, , ,, , ,(เวลา - NOUN),(เพลิดเพลิน - VERB),0
, , ,, , ,(เวลา - NOUN),(ชม - VERB),4
, , ,, , ,(การ - NOUN),(ชม - VERB),0
, , ,, , ,(จำนวน - NOUN),(มี - VERB),7
, , ,, , ,(จำนวน - NOUN),(ถ่ายภาพ - VERB),12
, , ,, , ,(จำนวน - NOUN),(ดี - VERB),14
, , ,, , ,(สถานที่ - NOUN),(มี - VERB),3
, , ,, , ,(สถานที่ - NOUN),(ถ่ายภาพ - VERB),8
, , ,, , ,(สถานที่ - NOUN),(ดี - VERB),10
, , ,, , ,(แห่ง - NOUN),(มี - VERB),2
, , ,, , ,(แห่ง - NOUN),(ถ่ายภาพ - VERB),7
, , ,, , ,(แห่ง - NOUN),(ดี - VERB),9
, , ,, , ,(มุมมอง - NOUN),(ถ่ายภาพ - VERB),3
, , ,, , ,(มุมมอง - NOUN),(ดี - VERB),5
, , ,, , ,(การ - NOUN),(ถ่ายภาพ - VERB),0
, , ,, , ,(การ - NOUN),(ดี - VERB),2
, , ,, , ,(วิว - NOUN),(น่าตื่นตาตื่นใจ - VERB),1
, , ,, , ,(วิว - NOUN),(ละเมิด - VERB),4
, , ,, , ,(วิว - NOUN),(ตก - VERB),8
, , ,, , ,(วิว - NOUN),(ไกล - VERB),10
, , ,, , ,(วิว - NOUN),(ทำ - VERB),21
, , ,, , ,(การ - NOUN),(ละเมิด - VERB),0
, , ,, , ,(การ - NOUN),(ตก - VERB),4
, , ,, , ,(การ - NOUN),(ไกล - VERB),6
, , ,, , ,(การ - NOUN),(ทำ - VERB),17
, , ,, , ,(หมู่เกาะ - NOUN),(ตก - VERB),2
, , ,, , ,(หมู่เกาะ - NOUN),(ไกล - VERB),4
, , ,, , ,(หมู่เกาะ - NOUN),(ทำ - VERB),15
, , ,, , ,(พระอาทิตย์ - NOUN),(ตก - VERB),0
, , ,, , ,(พระอาทิตย์ - NOUN),(ไกล - VERB),2
, , ,, , ,(พระอาทิตย์ - NOUN),(ทำ - VERB),13
, , ,, , ,(ตลาด - NOUN),(ทำ - VERB),8
, , ,, , ,(อาหารทะเล - NOUN),(ทำ - VERB),7
, , ,, , ,(ร้านอาหาร - NOUN),(ทำ - VERB),5
, , ,, , ,(หาด - NOUN),(ทำ - VERB),3
, , ,, , ,(รา - NOUN),(ทำ - VERB),2
, , ,, , ,(คุณ - NOUN),(เดิน - VERB),2
, , ,, , ,(คุณ - NOUN),(ไป - VERB),3
, , ,, , ,(เรื่อง - NOUN),(ยุ่งยาก - VERB),0
, , ,, , ,(การ - NOUN),(เยี่ยม - VERB),0
, , ,, , ,(การ - NOUN),(ชม - VERB),1
, , ,, , ,(การ - NOUN),(ร้อนจัด - VERB),6
, , ,, , ,(ชั่วโมงเร่งด่วน - NOUN),(ร้อนจัด - VERB),2
, , ,, , ,(อากาศ - NOUN),(ร้อนจัด - VERB),0
, , ,, , ,(ทิวทัศน์ - NOUN),(สวยงาม - VERB),1
, , ,, , ,(ทิวทัศน์ - NOUN),(น่าทึ่ง - VERB),3
, , ,, , ,(ที่นี่ - NOUN),(สวยงาม - VERB),2
, , ,, , ,(ธรรมชาติ - NOUN),(ร้ายแรง - VERB),1
, , ,, , ,(นัก - NOUN),(เดินทาง - VERB),0
, , ,, , ,(มุมมอง - NOUN),(สวยงาม - VERB),1
, , ,, , ,(มุมมอง - NOUN),(เงียบสงบ - VERB),5
, , ,, , ,(สถานที่ - NOUN),(เงียบสงบ - VERB),1
, , ,, , ,(พระอาทิตย์ - NOUN),(ตก - VERB),0
, , ,, , ,(พระอาทิตย์ - NOUN),(สวยงาม - VERB),2
, , ,, , ,(ครั้ง - NOUN),(มี - VERB),1
, , ,, , ,(จุด - NOUN),(ชม - VERB),0
, , ,, , ,(จุด - NOUN),(ตก - VERB),2
, , ,, , ,(จุด - NOUN),(สวยงาม - VERB),4
, , ,, , ,(จุด - NOUN),(เป็น - VERB),7
, , ,, , ,(พระอาทิตย์ - NOUN),(ตก - VERB),0
, , ,, , ,(พระอาทิตย์ - NOUN),(สวยงาม - VERB),2
, , ,, , ,(พระอาทิตย์ - NOUN),(เป็น - VERB),5
, , ,, , ,(คุณ - NOUN),(ตกดิน - VERB),1
, , ,, , ,(คุณ - NOUN),(รัก - VERB),4
, , ,, , ,(คุณ - NOUN),(รัก - VERB),1
, , ,, , ,(คุณ - NOUN),(มองหา - VERB),1
, , ,, , ,(คุณ - NOUN),(เป็น - VERB),7
, , ,, , ,(สิ่ง - NOUN),(เป็น - VERB),3
, , ,, , ,(รถ - NOUN),(ตุ๊กตุ๊ก - VERB),0
, , ,, , ,(รถ - NOUN),(ทำให้ - VERB),6
, , ,, , ,(รถ - NOUN),(มี - VERB),8
, , ,, , ,(ป่า - NOUN),(ทำให้ - VERB),3
, , ,, , ,(ป่า - NOUN),(มี - VERB),5
, , ,, , ,(ตอง - NOUN),(ทำให้ - VERB),2
, , ,, , ,(ตอง - NOUN),(มี - VERB),4
, , ,, , ,(คุณ - NOUN),(เช่า - VERB),0
, , ,, , ,(คุณ - NOUN),(สำรวจ - VERB),6
, , ,, , ,(คุณ - NOUN),(ไป - VERB),10
, , ,, , ,(วัน - NOUN),(สำรวจ - VERB),1
, , ,, , ,(วัน - NOUN),(ไป - VERB),5
, , ,, , ,(จุด - NOUN),(ไป - VERB),2
, , ,, , ,(เล่นดนตรี - NOUN),(เต้น - VERB),1
, , ,, , ,(นัก - NOUN),(เต้น - VERB),0
, , ,, , ,(มากมาย - NOUN),(มี - VERB),0
, , ,, , ,(ข้างนอก - NOUN),(ขาย - VERB),0
, , ,, , ,(คุณภาพ - NOUN),(มี - VERB),3
, , ,, , ,(ทางเข้า - NOUN),(มี - VERB),1
, , ,, , ,(พระอาทิตย์ - NOUN),(ตก - VERB),0
, , ,, , ,(พระอาทิตย์ - NOUN),(ทำให้ - VERB),4
, , ,, , ,(ศาลเจ้า - NOUN),(มี - VERB),2
, , ,, , ,(ช้าง - NOUN),(มี - VERB),1
, , ,, , ,(จุด - NOUN),(อยู่ - VERB),7
, , ,, , ,(จุด - NOUN),(เห็น - VERB),14
, , ,, , ,(จุด - NOUN),(ตก - VERB),16
, , ,, , ,(จุด - NOUN),(รถบัส - VERB),17
, , ,, , ,(จุด - NOUN),(เข้า - VERB),23
, , ,, , ,(จุด - NOUN),(มา - VERB),24
, , ,, , ,(จุด - NOUN),(กระแทก - VERB),26
, , ,, , ,(จุด - NOUN),(ดี - VERB),31
, , ,, , ,(สถานที่ - NOUN),(อยู่ - VERB),5
, , ,, , ,(สถานที่ - NOUN),(เห็น - VERB),12
, , ,, , ,(สถานที่ - NOUN),(ตก - VERB),14
, , ,, , ,(สถานที่ - NOUN),(รถบัส - VERB),15
, , ,, , ,(สถานที่ - NOUN),(เข้า - VERB),21
, , ,, , ,(สถานที่ - NOUN),(มา - VERB),22
, , ,, , ,(สถานที่ - NOUN),(กระแทก - VERB),24
, , ,, , ,(สถานที่ - NOUN),(ดี - VERB),29
, , ,, , ,(คุณ - NOUN),(อยู่ - VERB),1
, , ,, , ,(คุณ - NOUN),(เห็น - VERB),8
, , ,, , ,(คุณ - NOUN),(ตก - VERB),10
, , ,, , ,(คุณ - NOUN),(รถบัส - VERB),11
, , ,, , ,(คุณ - NOUN),(เข้า - VERB),17
, , ,, , ,(คุณ - NOUN),(มา - VERB),18
, , ,, , ,(คุณ - NOUN),(กระแทก - VERB),20
, , ,, , ,(คุณ - NOUN),(ดี - VERB),25
, , ,, , ,(ภาคเหนือ - NOUN),(เห็น - VERB),4
, , ,, , ,(ภาคเหนือ - NOUN),(ตก - VERB),6
, , ,, , ,(ภาคเหนือ - NOUN),(รถบัส - VERB),7
, , ,, , ,(ภาคเหนือ - NOUN),(เข้า - VERB),13
, , ,, , ,(ภาคเหนือ - NOUN),(มา - VERB),14
, , ,, , ,(ภาคเหนือ - NOUN),(กระแทก - VERB),16
, , ,, , ,(ภาคเหนือ - NOUN),(ดี - VERB),21
, , ,, , ,(หมดหวัง - NOUN),(เห็น - VERB),2
, , ,, , ,(หมดหวัง - NOUN),(ตก - VERB),4
, , ,, , ,(หมดหวัง - NOUN),(รถบัส - VERB),5
, , ,, , ,(หมดหวัง - NOUN),(เข้า - VERB),11
, , ,, , ,(หมดหวัง - NOUN),(มา - VERB),12
, , ,, , ,(หมดหวัง - NOUN),(กระแทก - VERB),14
, , ,, , ,(หมดหวัง - NOUN),(ดี - VERB),19
, , ,, , ,(พระอาทิตย์ - NOUN),(ตก - VERB),0
, , ,, , ,(พระอาทิตย์ - NOUN),(รถบัส - VERB),1
, , ,, , ,(พระอาทิตย์ - NOUN),(เข้า - VERB),7
, , ,, , ,(พระอาทิตย์ - NOUN),(มา - VERB),8
, , ,, , ,(พระอาทิตย์ - NOUN),(กระแทก - VERB),10
, , ,, , ,(พระอาทิตย์ - NOUN),(ดี - VERB),15
, , ,, , ,(โหลด - NOUN),(เข้า - VERB),4
, , ,, , ,(โหลด - NOUN),(มา - VERB),5
, , ,, , ,(โหลด - NOUN),(กระแทก - VERB),7
, , ,, , ,(โหลด - NOUN),(ดี - VERB),12
, , ,, , ,(ผู้คน - NOUN),(เข้า - VERB),2
, , ,, , ,(ผู้คน - NOUN),(มา - VERB),3
, , ,, , ,(ผู้คน - NOUN),(กระแทก - VERB),5
, , ,, , ,(ผู้คน - NOUN),(ดี - VERB),10
, , ,, , ,(จุด - NOUN),(ดี - VERB),1
, , ,, , ,(พระอาทิตย์ - NOUN),(ตกดิน - VERB),0
, , ,, , ,(พระอาทิตย์ - NOUN),(มี - VERB),6
, , ,, , ,(พระอาทิตย์ - NOUN),(ฉลาด - VERB),11
, , ,, , ,(พระอาทิตย์ - NOUN),(ตัด - VERB),14
, , ,, , ,(พระอาทิตย์ - NOUN),(ตก - VERB),17
, , ,, , ,(ทะเล - NOUN),(มี - VERB),3
, , ,, , ,(ทะเล - NOUN),(ฉลาด - VERB),8
, , ,, , ,(ทะเล - NOUN),(ตัด - VERB),11
, , ,, , ,(ทะเล - NOUN),(ตก - VERB),14
, , ,, , ,(ฉาก - NOUN),(ฉลาด - VERB),2
, , ,, , ,(ฉาก - NOUN),(ตัด - VERB),5
, , ,, , ,(ฉาก - NOUN),(ตก - VERB),8
, , ,, , ,(ทิวทัศน์ - NOUN),(ฉลาด - VERB),1
, , ,, , ,(ทิวทัศน์ - NOUN),(ตัด - VERB),4
, , ,, , ,(ทิวทัศน์ - NOUN),(ตก - VERB),7
, , ,, , ,(พระอาทิตย์ - NOUN),(ตก - VERB),0
, , ,, , ,(นา - NOUN),(เดิน - VERB),2
, , ,, , ,(นา - NOUN),(ไป - VERB),3
, , ,, , ,(นา - NOUN),(พร - VERB),5
, , ,, , ,(นา - NOUN),(อมป์ - VERB),6
, , ,, , ,(นา - NOUN),(รอ - VERB),9
, , ,, , ,(นา - NOUN),(ตก - VERB),11
, , ,, , ,(นา - NOUN),(มี - VERB),14
, , ,, , ,(นา - NOUN),(ดี - VERB),17
, , ,, , ,(หาน - NOUN),(เดิน - VERB),1
, , ,, , ,(หาน - NOUN),(ไป - VERB),2
, , ,, , ,(หาน - NOUN),(พร - VERB),4
, , ,, , ,(หาน - NOUN),(อมป์ - VERB),5
, , ,, , ,(หาน - NOUN),(รอ - VERB),8
, , ,, , ,(หาน - NOUN),(ตก - VERB),10
, , ,, , ,(หาน - NOUN),(มี - VERB),13
, , ,, , ,(หาน - NOUN),(ดี - VERB),16
, , ,, , ,(พระอาทิตย์ - NOUN),(ตก - VERB),0
, , ,, , ,(พระอาทิตย์ - NOUN),(มี - VERB),3
, , ,, , ,(พระอาทิตย์ - NOUN),(ดี - VERB),6
, , ,, , ,(มุมมอง - NOUN),(ดี - VERB),1
, , ,, , ,(วันสุดท้าย - NOUN),(หยุด - VERB),4
, , ,, , ,(วันสุดท้าย - NOUN),(คือ - VERB),7
, , ,, , ,(การ - NOUN),(หยุด - VERB),0
, , ,, , ,(การ - NOUN),(คือ - VERB),3
, , ,, , ,(สุ่ม - NOUN),(คือ - VERB),1
, , ,, , ,(คนขับ - NOUN),(ขับรถ - VERB),2
, , ,, , ,(คนขับ - NOUN),(พา - VERB),3
, , ,, , ,(คนขับ - NOUN),(ไป - VERB),5
, , ,, , ,(คนขับ - NOUN),(รอบๆ - VERB),6
, , ,, , ,(รถแท็กซี่ - NOUN),(ขับรถ - VERB),1
, , ,, , ,(รถแท็กซี่ - NOUN),(พา - VERB),2
, , ,, , ,(รถแท็กซี่ - NOUN),(ไป - VERB),4
, , ,, , ,(รถแท็กซี่ - NOUN),(รอบๆ - VERB),5
, , ,, , ,(คุณ - NOUN),(วางแผน - VERB),0
, , ,, , ,(คุณ - NOUN),(มี - VERB),4
, , ,, , ,(วัน - NOUN),(มี - VERB),1
, , ,, , ,(สถานที่ - NOUN),(ยอดเยี่ยม - VERB),1
, , ,, , ,(สถานที่ - NOUN),(ชม - VERB),4
, , ,, , ,(สถานที่ - NOUN),(ตก - VERB),6
, , ,, , ,(การ - NOUN),(ชม - VERB),0
, , ,, , ,(การ - NOUN),(ตก - VERB),2
, , ,, , ,(พระอาทิตย์ - NOUN),(ตก - VERB),0
, , ,, , ,(วิว - NOUN),(เดิน - VERB),5
, , ,, , ,(ด้านบน - NOUN),(เดิน - VERB),3
, , ,, , ,(การ - NOUN),(เดิน - VERB),0
, , ,, , ,(จุด - NOUN),(ดี - VERB),1
, , ,, , ,(จุด - NOUN),(นั่ง - VERB),5
, , ,, , ,(จุด - NOUN),(ผ่อนคลาย - VERB),7
, , ,, , ,(คุณ - NOUN),(มี - VERB),0
, , ,, , ,(คุณ - NOUN),(ออก - VERB),5
, , ,, , ,(คุณ - NOUN),(ไป - VERB),6
, , ,, , ,(คุณ - NOUN),(เที่ยว - VERB),7
, , ,, , ,(คุณ - NOUN),(ดู - VERB),12
, , ,, , ,(เวลา - NOUN),(ออก - VERB),3
, , ,, , ,(เวลา - NOUN),(ไป - VERB),4
, , ,, , ,(เวลา - NOUN),(เที่ยว - VERB),5
, , ,, , ,(เวลา - NOUN),(ดู - VERB),10
, , ,, , ,(เกาะ - NOUN),(ดู - VERB),2
, , ,, , ,(คุณ - NOUN),(ดู - VERB),1
, , ,, , ,(มุมมอง - NOUN),(ดี - VERB),1
, , ,, , ,(ความสุข - NOUN),(เดิน - VERB),2
, , ,, , ,(การ - NOUN),(เดิน - VERB),0
, , ,, , ,(คุณ - NOUN),(ชอบ - VERB),0
, , ,, , ,(คุณ - NOUN),(ถ่ายรูป - VERB),1
, , ,, , ,(คุณ - NOUN),(ไป - VERB),4
, , ,, , ,(คุณ - NOUN),(ไป - VERB),1
, , ,, , ,(คุณ - NOUN),(ค้นพบ - VERB),1
, , ,, , ,(คุณ - NOUN),(แตกต่าง - VERB),4
, , ,, , ,(คุณ - NOUN),(จับภาพ - VERB),10
, , ,, , ,(มุมมอง - NOUN),(แตกต่าง - VERB),1
, , ,, , ,(มุมมอง - NOUN),(จับภาพ - VERB),7
, , ,, , ,(คุณ - NOUN),(จับภาพ - VERB),1
, , ,, , ,(คุณ - NOUN),(ประทับใจ - VERB),2
, , ,, , ,(วิว - NOUN),(สุด - VERB),0
, , ,, , ,(วิว - NOUN),(ตก - VERB),5
, , ,, , ,(พระอาทิตย์ - NOUN),(ตก - VERB),0
, , ,, , ,(จุด - NOUN),(ออก - VERB),4
, , ,, , ,(จุด - NOUN),(มา - VERB),5
, , ,, , ,(จุด - NOUN),(บังคับ - VERB),6
, , ,, , ,(ยอดนิยม - NOUN),(ออก - VERB),3
, , ,, , ,(ยอดนิยม - NOUN),(มา - VERB),4
, , ,, , ,(ยอดนิยม - NOUN),(บังคับ - VERB),5
, , ,, , ,(ฝูงชน - NOUN),(ออก - VERB),1
, , ,, , ,(ฝูงชน - NOUN),(มา - VERB),2
, , ,, , ,(ฝูงชน - NOUN),(บังคับ - VERB),3
, , ,, , ,(ทาง - NOUN),(เลือก - VERB),3
, , ,, , ,(ทาง - NOUN),(สวย - VERB),8
, , ,, , ,(คุณ - NOUN),(เลือก - VERB),1
, , ,, , ,(คุณ - NOUN),(สวย - VERB),6
, , ,, , ,(มุมมอง - NOUN),(สวย - VERB),1
, , ,, , ,(เหตุผล - NOUN),(ชัดเจน - VERB),1
, , ,, , ,(เหตุผล - NOUN),(อยาก - VERB),3
, , ,, , ,(เหตุผล - NOUN),(แนะนำ - VERB),5
, , ,, , ,(เหตุผล - NOUN),(เยี่ยม - VERB),7
, , ,, , ,(เหตุผล - NOUN),(ชม - VERB),8
, , ,, , ,(สภาพแวดล้อม - NOUN),(พบ - VERB),2
, , ,, , ,(สภาพแวดล้อม - NOUN),(สถานที่ท่องเที่ยว - VERB),3
, , ,, , ,(สภาพแวดล้อม - NOUN),(ลิ้มรส - VERB),7
, , ,, , ,(สภาพแวดล้อม - NOUN),(ตกดิน - VERB),13
, , ,, , ,(สภาพแวดล้อม - NOUN),(เงียบสงบ - VERB),16
, , ,, , ,(สภาพแวดล้อม - NOUN),(ไป - VERB),17
, , ,, , ,(สภาพแวดล้อม - NOUN),(ถึง - VERB),19
, , ,, , ,(สภาพแวดล้อม - NOUN),(มี - VERB),20
, , ,, , ,(คุณ - NOUN),(พบ - VERB),1
, , ,, , ,(คุณ - NOUN),(สถานที่ท่องเที่ยว - VERB),2
, , ,, , ,(คุณ - NOUN),(ลิ้มรส - VERB),6
, , ,, , ,(คุณ - NOUN),(ตกดิน - VERB),12
, , ,, , ,(คุณ - NOUN),(เงียบสงบ - VERB),15
, , ,, , ,(คุณ - NOUN),(ไป - VERB),16
, , ,, , ,(คุณ - NOUN),(ถึง - VERB),18
, , ,, , ,(คุณ - NOUN),(มี - VERB),19
, , ,, , ,(พื้นที่ - NOUN),(ลิ้มรส - VERB),1
, , ,, , ,(พื้นที่ - NOUN),(ตกดิน - VERB),7
, , ,, , ,(พื้นที่ - NOUN),(เงียบสงบ - VERB),10
, , ,, , ,(พื้นที่ - NOUN),(ไป - VERB),11
, , ,, , ,(พื้นที่ - NOUN),(ถึง - VERB),13
, , ,, , ,(พื้นที่ - NOUN),(มี - VERB),14
, , ,, , ,(หลัง - NOUN),(ตกดิน - VERB),2
, , ,, , ,(หลัง - NOUN),(เงียบสงบ - VERB),5
, , ,, , ,(หลัง - NOUN),(ไป - VERB),6
, , ,, , ,(หลัง - NOUN),(ถึง - VERB),8
, , ,, , ,(หลัง - NOUN),(มี - VERB),9
, , ,, , ,(พระอาทิตย์ - NOUN),(ตกดิน - VERB),0
, , ,, , ,(พระอาทิตย์ - NOUN),(เงียบสงบ - VERB),3
, , ,, , ,(พระอาทิตย์ - NOUN),(ไป - VERB),4
, , ,, , ,(พระอาทิตย์ - NOUN),(ถึง - VERB),6
, , ,, , ,(พระอาทิตย์ - NOUN),(มี - VERB),7
, , ,, , ,(โรงแรม - NOUN),(ดี - VERB),1
, , ,, , ,(โรงแรม - NOUN),(พบ - VERB),4
, , ,, , ,(หนังสือ - NOUN),(ดื่ม - VERB),1
, , ,, , ,(หนังสือ - NOUN),(สวม - VERB),10
, , ,, , ,(หนังสือ - NOUN),(มี - VERB),18
, , ,, , ,(หนังสือ - NOUN),(ป้องกัน - VERB),20
, , ,, , ,(น้ำ - NOUN),(สวม - VERB),7
, , ,, , ,(น้ำ - NOUN),(มี - VERB),15
, , ,, , ,(น้ำ - NOUN),(ป้องกัน - VERB),17
, , ,, , ,(ปริมาณ - NOUN),(สวม - VERB),6
, , ,, , ,(ปริมาณ - NOUN),(มี - VERB),14
, , ,, , ,(ปริมาณ - NOUN),(ป้องกัน - VERB),16
, , ,, , ,(พระอาทิตย์ - NOUN),(สวม - VERB),2
, , ,, , ,(พระอาทิตย์ - NOUN),(มี - VERB),10
, , ,, , ,(พระอาทิตย์ - NOUN),(ป้องกัน - VERB),12
, , ,, , ,(ตกดิน - NOUN),(สวม - VERB),1
, , ,, , ,(ตกดิน - NOUN),(มี - VERB),9
, , ,, , ,(ตกดิน - NOUN),(ป้องกัน - VERB),11
, , ,, , ,(ครีมกันแดด - NOUN),(มี - VERB),6
, , ,, , ,(ครีมกันแดด - NOUN),(ป้องกัน - VERB),8
, , ,, , ,(คุณ - NOUN),(มี - VERB),4
, , ,, , ,(คุณ - NOUN),(ป้องกัน - VERB),6
, , ,, , ,(ส่วน - NOUN),(มี - VERB),2
, , ,, , ,(ส่วน - NOUN),(ป้องกัน - VERB),4
, , ,, , ,(การ - NOUN),(ป้องกัน - VERB),0
, , ,, , ,(สถานที่ - NOUN),(มี - VERB),0
, , ,, , ,(สถานที่ - NOUN),(ยอดเยี่ยม - VERB),3
, , ,, , ,(สถานที่ - NOUN),(ตก - VERB),7
, , ,, , ,(ทิวทัศน์ - NOUN),(ยอดเยี่ยม - VERB),1
, , ,, , ,(ทิวทัศน์ - NOUN),(ตก - VERB),5
, , ,, , ,(ช่วง - NOUN),(ตก - VERB),1
, , ,, , ,(พระอาทิตย์ - NOUN),(ตก - VERB),0
, , ,, , ,(คุณ - NOUN),(ถ่ายรูป - VERB),1
, , ,, , ,(คุณ - NOUN),(ไป - VERB),1
, , ,, , ,(คุณ - NOUN),(ที่นั่น - VERB),2
, , ,, , ,(คุณ - NOUN),(หา - VERB),5
, , ,, , ,(พรหม - NOUN),(เป็น - VERB),1
, , ,, , ,(พรหม - NOUN),(ยอดเยี่ยม - VERB),4
, , ,, , ,(พรหม - NOUN),(เอา - VERB),8
, , ,, , ,(พรหม - NOUN),(จอด - VERB),11
, , ,, , ,(เทพ - NOUN),(เป็น - VERB),0
, , ,, , ,(เทพ - NOUN),(ยอดเยี่ยม - VERB),3
, , ,, , ,(เทพ - NOUN),(เอา - VERB),7
, , ,, , ,(เทพ - NOUN),(จอด - VERB),10
, , ,, , ,(รถมอเตอร์ไซค์ - NOUN),(จอด - VERB),1
, , ,, , ,(วิว - NOUN),(วิว - VERB),4
, , ,, , ,(วิว - NOUN),(ไต่ - VERB),7
, , ,, , ,(วิว - NOUN),(ลง - VERB),9
, , ,, , ,(วิว - NOUN),(ใกล้ - VERB),13
, , ,, , ,(วิว - NOUN),(เป็น - VERB),17
, , ,, , ,(วิว - NOUN),(ดี - VERB),20
, , ,, , ,(วิว - NOUN),(มี - VERB),23
, , ,, , ,(ว้าว - NOUN),(วิว - VERB),2
, , ,, , ,(ว้าว - NOUN),(ไต่ - VERB),5
, , ,, , ,(ว้าว - NOUN),(ลง - VERB),7
, , ,, , ,(ว้าว - NOUN),(ใกล้ - VERB),11
, , ,, , ,(ว้าว - NOUN),(เป็น - VERB),15
, , ,, , ,(ว้าว - NOUN),(ดี - VERB),18
, , ,, , ,(ว้าว - NOUN),(มี - VERB),21
, , ,, , ,(สิ่ง - NOUN),(วิว - VERB),1
, , ,, , ,(สิ่ง - NOUN),(ไต่ - VERB),4
, , ,, , ,(สิ่ง - NOUN),(ลง - VERB),6
, , ,, , ,(สิ่ง - NOUN),(ใกล้ - VERB),10
, , ,, , ,(สิ่ง - NOUN),(เป็น - VERB),14
, , ,, , ,(สิ่ง - NOUN),(ดี - VERB),17
, , ,, , ,(สิ่ง - NOUN),(มี - VERB),20
, , ,, , ,(คุณ - NOUN),(ไต่ - VERB),1
, , ,, , ,(คุณ - NOUN),(ลง - VERB),3
, , ,, , ,(คุณ - NOUN),(ใกล้ - VERB),7
, , ,, , ,(คุณ - NOUN),(เป็น - VERB),11
, , ,, , ,(คุณ - NOUN),(ดี - VERB),14
, , ,, , ,(คุณ - NOUN),(มี - VERB),17
, , ,, , ,(ยอดเขา - NOUN),(ใกล้ - VERB),2
, , ,, , ,(ยอดเขา - NOUN),(เป็น - VERB),6
, , ,, , ,(ยอดเขา - NOUN),(ดี - VERB),9
, , ,, , ,(ยอดเขา - NOUN),(มี - VERB),12
, , ,, , ,(ทะเล - NOUN),(เป็น - VERB),1
, , ,, , ,(ทะเล - NOUN),(ดี - VERB),4
, , ,, , ,(ทะเล - NOUN),(มี - VERB),7
, , ,, , ,(ประสบการณ์ - NOUN),(ดี - VERB),1
, , ,, , ,(ประสบการณ์ - NOUN),(มี - VERB),4
, , ,, , ,(กลุ่ม - NOUN),(ทำ - VERB),4
, , ,, , ,(กลุ่ม - NOUN),(นำ - VERB),9
, , ,, , ,(กลุ่ม - NOUN),(เป็น - VERB),12
, , ,, , ,(กลุ่ม - NOUN),(ออก - VERB),17
, , ,, , ,(กลุ่ม - NOUN),(ไป - VERB),18
, , ,, , ,(นักท่องเที่ยว - NOUN),(ทำ - VERB),3
, , ,, , ,(นักท่องเที่ยว - NOUN),(นำ - VERB),8
, , ,, , ,(นักท่องเที่ยว - NOUN),(เป็น - VERB),11
, , ,, , ,(นักท่องเที่ยว - NOUN),(ออก - VERB),16
, , ,, , ,(นักท่องเที่ยว - NOUN),(ไป - VERB),17
, , ,, , ,(จำนวน - NOUN),(ทำ - VERB),2
, , ,, , ,(จำนวน - NOUN),(นำ - VERB),7
, , ,, , ,(จำนวน - NOUN),(เป็น - VERB),10
, , ,, , ,(จำนวน - NOUN),(ออก - VERB),15
, , ,, , ,(จำนวน - NOUN),(ไป - VERB),16
, , ,, , ,(สิ่ง - NOUN),(นำ - VERB),3
, , ,, , ,(สิ่ง - NOUN),(เป็น - VERB),6
, , ,, , ,(สิ่ง - NOUN),(ออก - VERB),11
, , ,, , ,(สิ่ง - NOUN),(ไป - VERB),12
, , ,, , ,(ความรู้สึก - NOUN),(เป็น - VERB),1
, , ,, , ,(ความรู้สึก - NOUN),(ออก - VERB),6
, , ,, , ,(ความรู้สึก - NOUN),(ไป - VERB),7
, , ,, , ,(เอกลักษณ์ - NOUN),(ออก - VERB),3
, , ,, , ,(เอกลักษณ์ - NOUN),(ไป - VERB),4
, , ,, , ,(สถานที่ - NOUN),(ออก - VERB),1
, , ,, , ,(สถานที่ - NOUN),(ไป - VERB),2
, , ,, , ,(ครั้ง - NOUN),(เป็น - VERB),2
, , ,, , ,(ที่มา - NOUN),(มี - VERB),3
, , ,, , ,(วันที่ - NOUN),(มี - VERB),0
, , ,, , ,(เวลา - NOUN),(เหมาะสม - VERB),1
, , ,, , ,(เวลา - NOUN),(มา - VERB),4
, , ,, , ,(เวลา - NOUN),(เป็น - VERB),9
, , ,, , ,(เวลา - NOUN),(นิยม - VERB),11
, , ,, , ,(สถานที่ - NOUN),(เป็น - VERB),2
, , ,, , ,(สถานที่ - NOUN),(นิยม - VERB),4
, , ,, , ,(แห่ง - NOUN),(เป็น - VERB),1
, , ,, , ,(แห่ง - NOUN),(นิยม - VERB),3
, , ,, , ,(ครั้งแรก - NOUN),(ไป - VERB),2
, , ,, , ,(ครั้งแรก - NOUN),(รา - VERB),3
, , ,, , ,(ครั้งแรก - NOUN),(มี - VERB),9
, , ,, , ,(ไวย์ - NOUN),(มี - VERB),4
, , ,, , ,(ประเทศ - NOUN),(ไวย์ - VERB),3
, , ,, , ,(ประเทศ - NOUN),(สกปรก - VERB),8
, , ,, , ,(ประเทศ - NOUN),(วิ่ง - VERB),9
, , ,, , ,(ประเทศ - NOUN),(ลง - VERB),10
, , ,, , ,(ประเทศ - NOUN),(ไป - VERB),11
, , ,, , ,(รา - NOUN),(ไวย์ - VERB),0
, , ,, , ,(รา - NOUN),(สกปรก - VERB),5
, , ,, , ,(รา - NOUN),(วิ่ง - VERB),6
, , ,, , ,(รา - NOUN),(ลง - VERB),7
, , ,, , ,(รา - NOUN),(ไป - VERB),8
, , ,, , ,(ท้องถิ่น - NOUN),(พา - VERB),0
, , ,, , ,(ท้องถิ่น - NOUN),(ขึ้น - VERB),2
, , ,, , ,(ท้องถิ่น - NOUN),(มา - VERB),3
, , ,, , ,(ท้องถิ่น - NOUN),(ที่นี่ - VERB),4
, , ,, , ,(ท้องถิ่น - NOUN),(คือ - VERB),7
, , ,, , ,(ท้องถิ่น - NOUN),(พัก - VERB),11
, , ,, , ,(ไฮไลท์ - NOUN),(พัก - VERB),2
, , ,, , ,(การ - NOUN),(พัก - VERB),0
, , ,, , ,(มุมมอง - NOUN),(งดงาม - VERB),1
, , ,, , ,(คุณ - NOUN),(รับ - VERB),1
, , ,, , ,(คุณ - NOUN),(ยอดเยี่ยม - VERB),4
, , ,, , ,(ภาพถ่าย - NOUN),(ยอดเยี่ยม - VERB),1
, , ,, , ,(บริเวณ - NOUN),(ช้าง - VERB),1
, , ,, , ,(บริเวณ - NOUN),(แน่ใจ - VERB),3
, , ,, , ,(บริเวณ - NOUN),(เรียกว่า - VERB),8
, , ,, , ,(บริเวณ - NOUN),(ใช้ - VERB),15
, , ,, , ,(บริเวณ - NOUN),(ที่นี่ - VERB),17
, , ,, , ,(บริเวณ - NOUN),(จุด - VERB),18
, , ,, , ,(บริเวณ - NOUN),(วาง - VERB),21
, , ,, , ,(บริเวณ - NOUN),(สวดมนต์ - VERB),25
, , ,, , ,(สวดมนต์ - NOUN),(ช้าง - VERB),0
, , ,, , ,(สวดมนต์ - NOUN),(แน่ใจ - VERB),2
, , ,, , ,(สวดมนต์ - NOUN),(เรียกว่า - VERB),7
, , ,, , ,(สวดมนต์ - NOUN),(ใช้ - VERB),14
, , ,, , ,(สวดมนต์ - NOUN),(ที่นี่ - VERB),16
, , ,, , ,(สวดมนต์ - NOUN),(จุด - VERB),17
, , ,, , ,(สวดมนต์ - NOUN),(วาง - VERB),20
, , ,, , ,(สวดมนต์ - NOUN),(สวดมนต์ - VERB),24
, , ,, , ,(สิ่ง - NOUN),(เรียกว่า - VERB),2
, , ,, , ,(สิ่ง - NOUN),(ใช้ - VERB),9
, , ,, , ,(สิ่ง - NOUN),(ที่นี่ - VERB),11
, , ,, , ,(สิ่ง - NOUN),(จุด - VERB),12
, , ,, , ,(สิ่ง - NOUN),(วาง - VERB),15
, , ,, , ,(สิ่ง - NOUN),(สวดมนต์ - VERB),19
, , ,, , ,(คุณ - NOUN),(เรียกว่า - VERB),0
, , ,, , ,(คุณ - NOUN),(ใช้ - VERB),7
, , ,, , ,(คุณ - NOUN),(ที่นี่ - VERB),9
, , ,, , ,(คุณ - NOUN),(จุด - VERB),10
, , ,, , ,(คุณ - NOUN),(วาง - VERB),13
, , ,, , ,(คุณ - NOUN),(สวดมนต์ - VERB),17
, , ,, , ,(เพื่อน - NOUN),(ใช้ - VERB),2
, , ,, , ,(เพื่อน - NOUN),(ที่นี่ - VERB),4
, , ,, , ,(เพื่อน - NOUN),(จุด - VERB),5
, , ,, , ,(เพื่อน - NOUN),(วาง - VERB),8
, , ,, , ,(เพื่อน - NOUN),(สวดมนต์ - VERB),12
, , ,, , ,(เวลา - NOUN),(ที่นี่ - VERB),0
, , ,, , ,(เวลา - NOUN),(จุด - VERB),1
, , ,, , ,(เวลา - NOUN),(วาง - VERB),4
, , ,, , ,(เวลา - NOUN),(สวดมนต์ - VERB),8
, , ,, , ,(ธูป - NOUN),(วาง - VERB),1
, , ,, , ,(ธูป - NOUN),(สวดมนต์ - VERB),5
, , ,, , ,(ดอกไม้ - NOUN),(สวดมนต์ - VERB),2
, , ,, , ,(การ - NOUN),(สวดมนต์ - VERB),0
, , ,, , ,(โชคดี - NOUN),(มี - VERB),2
, , ,, , ,(โชคดี - NOUN),(สมบูรณ์ - VERB),6
, , ,, , ,(โชคดี - NOUN),(อยู่ - VERB),13
, , ,, , ,(พื้นที่ - NOUN),(สมบูรณ์ - VERB),2
, , ,, , ,(พื้นที่ - NOUN),(อยู่ - VERB),9
, , ,, , ,(ช่วงเวลา - NOUN),(อยู่ - VERB),2
, , ,, , ,(กลุ่ม - NOUN),(ดัง - VERB),1
, , ,, , ,(กลุ่ม - NOUN),(สุภาพ - VERB),5
, , ,, , ,(กลุ่ม - NOUN),(มี - VERB),9
, , ,, , ,(กลุ่ม - NOUN),(มี - VERB),12
, , ,, , ,(ความสุข - NOUN),(มี - VERB),1
, , ,, , ,(คุณ - NOUN),(อยู่ - VERB),0
, , ,, , ,(คุณ - NOUN),(เป็น - VERB),4
, , ,, , ,(คุณ - NOUN),(ตรวจสอบ - VERB),8
, , ,, , ,(พื้นที่ - NOUN),(เป็น - VERB),1
, , ,, , ,(พื้นที่ - NOUN),(ตรวจสอบ - VERB),5
, , ,, , ,(สิ่ง - NOUN),(ตรวจสอบ - VERB),2
, , ,, , ,(ยุทธศาสตร์ - NOUN),(เยี่ยม - VERB),3
, , ,, , ,(ยุทธศาสตร์ - NOUN),(ชม - VERB),4
, , ,, , ,(ชั่วโมง - NOUN),(เยี่ยม - VERB),1
, , ,, , ,(ชั่วโมง - NOUN),(ชม - VERB),2
, , ,, , ,(การ - NOUN),(เยี่ยม - VERB),0
, , ,, , ,(การ - NOUN),(ชม - VERB),1
, , ,, , ,(คน - NOUN),VERB),4
, , ,, , ,(ประสบการณ์ - NOUN),VERB),2
, , ,, , ,(สูงชัน - NOUN),(เดิน - VERB),0
, , ,, , ,(สูงชัน - NOUN),(ขึ้น - VERB),1
, , ,, , ,(สูงชัน - NOUN),(ไป - VERB),2
, , ,, , ,(สูงชัน - NOUN),(ดู - VERB),3
, , ,, , ,(คุณ - NOUN),(อยู่ - VERB),0
, , ,, , ,(จุด - NOUN),(ชม - VERB),0
, , ,, , ,(จุด - NOUN),(ดี - VERB),3
, , ,, , ,(วิว - NOUN),(ดี - VERB),1
, , ,, , ,(เวลา - NOUN),(ตก - VERB),1
, , ,, , ,(เวลา - NOUN),(เลือก - VERB),5
, , ,, , ,(เวลา - NOUN),(ไป - VERB),8
, , ,, , ,(พระอาทิตย์ - NOUN),(ตก - VERB),0
, , ,, , ,(พระอาทิตย์ - NOUN),(เลือก - VERB),4
, , ,, , ,(พระอาทิตย์ - NOUN),(ไป - VERB),7
, , ,, , ,(โมง - NOUN),(ดี - VERB),3
, , ,, , ,(เย็น - NOUN),(ดี - VERB),2
, , ,, , ,(พระอาทิตย์ - NOUN),(ตก - VERB),0
, , ,, , ,(พระอาทิตย์ - NOUN),(ยอดเยี่ยม - VERB),6
, , ,, , ,(พระอาทิตย์ - NOUN),(ทาน - VERB),9
, , ,, , ,(พระอาทิตย์ - NOUN),(ดู - VERB),11
, , ,, , ,(พระอาทิตย์ - NOUN),(รีวิว - VERB),12
, , ,, , ,(มุม - NOUN),(ยอดเยี่ยม - VERB),3
, , ,, , ,(มุม - NOUN),(ทาน - VERB),6
, , ,, , ,(มุม - NOUN),(ดู - VERB),8
, , ,, , ,(มุม - NOUN),(รีวิว - VERB),9
, , ,, , ,(สระ - NOUN),(ยอดเยี่ยม - VERB),2
, , ,, , ,(สระ - NOUN),(ทาน - VERB),5
, , ,, , ,(สระ - NOUN),(ดู - VERB),7
, , ,, , ,(สระ - NOUN),(รีวิว - VERB),8
, , ,, , ,(บัว - NOUN),(ยอดเยี่ยม - VERB),1
, , ,, , ,(บัว - NOUN),(ทาน - VERB),4
, , ,, , ,(บัว - NOUN),(ดู - VERB),6
, , ,, , ,(บัว - NOUN),(รีวิว - VERB),7
, , ,, , ,(อาหารเย็น - NOUN),(ดู - VERB),0
, , ,, , ,(อาหารเย็น - NOUN),(รีวิว - VERB),1
, , ,, , ,(จุด - NOUN),(ชม - VERB),0
, , ,, , ,(จุด - NOUN),(ยอดเยี่ยม - VERB),3
, , ,, , ,(จุด - NOUN),(พา - VERB),6
, , ,, , ,(จุด - NOUN),(ไป - VERB),8
, , ,, , ,(จุด - NOUN),(สัมผัส - VERB),9
, , ,, , ,(วิว - NOUN),(ยอดเยี่ยม - VERB),1
, , ,, , ,(วิว - NOUN),(พา - VERB),4
, , ,, , ,(วิว - NOUN),(ไป - VERB),6
, , ,, , ,(วิว - NOUN),(สัมผัส - VERB),7
, , ,, , ,(คุณ - NOUN),(ไป - VERB),0
, , ,, , ,(คุณ - NOUN),(สัมผัส - VERB),1
, , ,, , ,(มุมมอง - NOUN),(เป็น - VERB),6
, , ,, , ,(มุมมอง - NOUN),(สวยงาม - VERB),10
, , ,, , ,(มุมมอง - NOUN),(ถ่ายภาพ - VERB),13
, , ,, , ,(สิ - NOUN),(เป็น - VERB),2
, , ,, , ,(สิ - NOUN),(สวยงาม - VERB),6
, , ,, , ,(สิ - NOUN),(ถ่ายภาพ - VERB),9
, , ,, , ,(บอง - NOUN),(เป็น - VERB),1
, , ,, , ,(บอง - NOUN),(สวยงาม - VERB),5
, , ,, , ,(บอง - NOUN),(ถ่ายภาพ - VERB),8
, , ,, , ,(ศา - NOUN),(เป็น - VERB),0
, , ,, , ,(ศา - NOUN),(สวยงาม - VERB),4
, , ,, , ,(ศา - NOUN),(ถ่ายภาพ - VERB),7
, , ,, , ,(พื้น - NOUN),(สวยงาม - VERB),2
, , ,, , ,(พื้น - NOUN),(ถ่ายภาพ - VERB),5
, , ,, , ,(หลัง - NOUN),(สวยงาม - VERB),1
, , ,, , ,(หลัง - NOUN),(ถ่ายภาพ - VERB),4
, , ,, , ,(การ - NOUN),(ถ่ายภาพ - VERB),0
, , ,, , ,(สถานที่ - NOUN),(คือ - VERB),3
, , ,, , ,(สถานที่ - NOUN),(พลาด - VERB),8
, , ,, , ,(สถานที่ - NOUN),(เดินทาง - VERB),11
, , ,, , ,(สถานที่ - NOUN),(เพลิดเพลิน - VERB),18
, , ,, , ,(สถานที่ - NOUN),(ไป - VERB),19
, , ,, , ,(น่าเกรงขาม - NOUN),(คือ - VERB),0
, , ,, , ,(น่าเกรงขาม - NOUN),(พลาด - VERB),5
, , ,, , ,(น่าเกรงขาม - NOUN),(เดินทาง - VERB),8
, , ,, , ,(น่าเกรงขาม - NOUN),(เพลิดเพลิน - VERB),15
, , ,, , ,(น่าเกรงขาม - NOUN),(ไป - VERB),16
, , ,, , ,(สิ่ง - NOUN),(พลาด - VERB),3
, , ,, , ,(สิ่ง - NOUN),(เดินทาง - VERB),6
, , ,, , ,(สิ่ง - NOUN),(เพลิดเพลิน - VERB),13
, , ,, , ,(สิ่ง - NOUN),(ไป - VERB),14
, , ,, , ,(ท่าเรือ - NOUN),(เพลิดเพลิน - VERB),3
, , ,, , ,(ท่าเรือ - NOUN),(ไป - VERB),4
, , ,, , ,(รา - NOUN),(เพลิดเพลิน - VERB),2
, , ,, , ,(รา - NOUN),(ไป - VERB),3
, , ,, , ,(ไวย์ - NOUN),(เพลิดเพลิน - VERB),1
, , ,, , ,(ไวย์ - NOUN),(ไป - VERB),2
, , ,, , ,(ท้าทาย - NOUN),(สำรวจ - VERB),2
, , ,, , ,(ท้าทาย - NOUN),(เพิ่มเติม - VERB),3
, , ,, , ,(ท้าทาย - NOUN),(หลบหนี - VERB),9
, , ,, , ,(ท้าทาย - NOUN),(ไป - VERB),10
, , ,, , ,(ท้าทาย - NOUN),(เงียบสงบ - VERB),14
, , ,, , ,(คุณ - NOUN),(หลบหนี - VERB),2
, , ,, , ,(คุณ - NOUN),(ไป - VERB),3
, , ,, , ,(คุณ - NOUN),(เงียบสงบ - VERB),7
, , ,, , ,(จุด - NOUN),(เงียบสงบ - VERB),1
, , ,, , ,(พระอาทิตย์ - NOUN),(ตก - VERB),0
, , ,, , ,(พระอาทิตย์ - NOUN),(มี - VERB),5
, , ,, , ,(น่ารัก - NOUN),(มี - VERB),2
, , ,, , ,(เว็บไซต์ - NOUN),(พักผ่อน - VERB),5
, , ,, , ,(วันสุดท้าย - NOUN),(พักผ่อน - VERB),2
, , ,, , ,(วันหยุด - NOUN),(พักผ่อน - VERB),0
, , ,, , ,(เพื่อน - NOUN),(ต้องการ - VERB),2
, , ,, , ,(เพื่อน - NOUN),(เห็น - VERB),5
, , ,, , ,(เพื่อน - NOUN),(ตก - VERB),8
, , ,, , ,(วิว - NOUN),(ตก - VERB),1
, , ,, , ,(พระอาทิตย์ - NOUN),(ตก - VERB),0
, , ,, , ,(นักท่องเที่ยว - NOUN),(โอเค - VERB),4
, , ,, , ,(นักท่องเที่ยว - NOUN),(แออัด - VERB),6
, , ,, , ,(จำนวน - NOUN),(โอเค - VERB),3
, , ,, , ,(จำนวน - NOUN),(แออัด - VERB),5
, , ,, , ,(สถานที่ - NOUN),(โอเค - VERB),1
, , ,, , ,(สถานที่ - NOUN),(แออัด - VERB),3
, , ,, , ,(สถานที่ - NOUN),(เหมาะ - VERB),1
, , ,, , ,(สถานที่ - NOUN),(ชม - VERB),4
, , ,, , ,(สถานที่ - NOUN),(ตก - VERB),6
, , ,, , ,(การ - NOUN),(ชม - VERB),0
, , ,, , ,(การ - NOUN),(ตก - VERB),2
, , ,, , ,(พระอาทิตย์ - NOUN),(ตก - VERB),0
, , ,, , ,(ความ - NOUN),(นิยม - VERB),0
, , ,, , ,(พื้นที่ - NOUN),(ได้ - VERB),3
, , ,, , ,(พื้นที่ - NOUN),(สมบูรณ์แบบ - VERB),6
, , ,, , ,(ภาพถ่าย - NOUN),(สมบูรณ์แบบ - VERB),1
, , ,, , ,(จุด - NOUN),(ชม - VERB),0
, , ,, , ,(จุด - NOUN),(ตก - VERB),2
, , ,, , ,(จุด - NOUN),(พลาด - VERB),10
, , ,, , ,(จุด - NOUN),(อยู่ - VERB),12
, , ,, , ,(พระอาทิตย์ - NOUN),(ตก - VERB),0
, , ,, , ,(พระอาทิตย์ - NOUN),(พลาด - VERB),8
, , ,, , ,(พระอาทิตย์ - NOUN),(อยู่ - VERB),10
, , ,, , ,(ประเทศ - NOUN),(พลาด - VERB),5
, , ,, , ,(ประเทศ - NOUN),(อยู่ - VERB),7
, , ,, , ,(คุณ - NOUN),(พลาด - VERB),2
, , ,, , ,(คุณ - NOUN),(อยู่ - VERB),4
, , ,, , ,(คุณ - NOUN),(สวม - VERB),0
, , ,, , ,(คุณ - NOUN),(เดิน - VERB),2
, , ,, , ,(คุณ - NOUN),(ลง - VERB),3
, , ,, , ,(คุณ - NOUN),(ไป - VERB),4
, , ,, , ,(คุณ - NOUN),(ใช้ - VERB),8
, , ,, , ,(คุณ - NOUN),(ดี - VERB),11
, , ,, , ,(รองเท้ากีฬา - NOUN),(เดิน - VERB),0
, , ,, , ,(รองเท้ากีฬา - NOUN),(ลง - VERB),1
, , ,, , ,(รองเท้ากีฬา - NOUN),(ไป - VERB),2
, , ,, , ,(รองเท้ากีฬา - NOUN),(ใช้ - VERB),6
, , ,, , ,(รองเท้ากีฬา - NOUN),(ดี - VERB),9
, , ,, , ,(หน้าผา - NOUN),(ใช้ - VERB),1
, , ,, , ,(หน้าผา - NOUN),(ดี - VERB),4
, , ,, , ,(ช่วงเวลา - NOUN),(ดี - VERB),1
, , ,, , ,(สถานที่ - NOUN),(ดี - VERB),1
, , ,, , ,(คุณ - NOUN),(ไป - VERB),0
, , ,, , ,(คุณ - NOUN),(จบ - VERB),2
, , ,, , ,(คน - NOUN),(อยู่ - VERB),1
, , ,, , ,(จุด - NOUN),(ดี - VERB),1
, , ,, , ,(จุด - NOUN),(ถ่ายภาพ - VERB),4
, , ,, , ,(การ - NOUN),(ถ่ายภาพ - VERB),0
, , ,, , ,(พรหม - NOUN),(เป็น - VERB),1
, , ,, , ,(เทพ - NOUN),(เป็น - VERB),0
, , ,, , ,(โรงแรม - NOUN),(ไป - VERB),7
, , ,, , ,(ป่า - NOUN),(ไป - VERB),3
, , ,, , ,(ตอง - NOUN),(ไป - VERB),2
, , ,, , ,(ขี่ม้า - NOUN),(ไป - VERB),0
, , ,, , ,(ระหว่างทาง - NOUN),(เยี่ยม - VERB),2
, , ,, , ,(ระหว่างทาง - NOUN),(ชม - VERB),3
, , ,, , ,(ระหว่างทาง - NOUN),(ชม - VERB),5
, , ,, , ,(ระหว่างทาง - NOUN),(กะ - VERB),11
, , ,, , ,(คุณ - NOUN),(เยี่ยม - VERB),1
, , ,, , ,(คุณ - NOUN),(ชม - VERB),2
, , ,, , ,(คุณ - NOUN),(ชม - VERB),4
, , ,, , ,(คุณ - NOUN),(กะ - VERB),10
, , ,, , ,(จุด - NOUN),(ชม - VERB),0
, , ,, , ,(จุด - NOUN),(กะ - VERB),6
, , ,, , ,(วิว - NOUN),(กะ - VERB),4
, , ,, , ,(หาด - NOUN),(กะ - VERB),3
, , ,, , ,(กะ - NOUN),(กะ - VERB),2
, , ,, , ,(รน - NOUN),(กะ - VERB),1
, , ,, , ,(หาด - NOUN),(กะ - VERB),0
, , ,, , ,(เวลา - NOUN),(ดี - VERB),1
, , ,, , ,(เวลา - NOUN),(เยี่ยม - VERB),5
, , ,, , ,(เวลา - NOUN),(ชม - VERB),6
, , ,, , ,(เวลา - NOUN),(ตก - VERB),10
, , ,, , ,(การ - NOUN),(เยี่ยม - VERB),0
, , ,, , ,(การ - NOUN),(ชม - VERB),1
, , ,, , ,(การ - NOUN),(ตก - VERB),5
, , ,, , ,(ช่วง - NOUN),(ตก - VERB),1
, , ,, , ,(พระอาทิตย์ - NOUN),(ตก - VERB),0
, , ,, , ,(สถานที่ - NOUN),(มี - VERB),0
, , ,, , ,(จุด - NOUN),(เงียบสงบ - VERB),1
, , ,, , ,(จุด - NOUN),(เพลิดเพลิน - VERB),6
, , ,, , ,(พวก - NOUN),(เพลิดเพลิน - VERB),2
, , ,, , ,(ลูกเรือ - NOUN),(เพลิดเพลิน - VERB),1
, , ,, , ,(การ - NOUN),(ขึ้น - VERB),0
, , ,, , ,(การ - NOUN),(ไป - VERB),8
, , ,, , ,(การ - NOUN),(ชม - VERB),11
, , ,, , ,(นาที - NOUN),(ไป - VERB),1
, , ,, , ,(นาที - NOUN),(ชม - VERB),4
, , ,, , ,(จุด - NOUN),(ชม - VERB),0
, , ,, , ,(งาน - NOUN),(เข้า - VERB),1
, , ,, , ,(สถานที่ - NOUN),(ได้รับ - VERB),0
, , ,, , ,(สถานที่ - NOUN),(ดูแล - VERB),2
, , ,, , ,(การ - NOUN),(ดูแล - VERB),0
, , ,, , ,(คุ้มค่า - NOUN),(ขับรถ - VERB),2
, , ,, , ,(การ - NOUN),(เดินทาง - VERB),0
, , ,, , ,(การ - NOUN),(งดงาม - VERB),5
, , ,, , ,(นาที - NOUN),(งดงาม - VERB),1
, , ,, , ,(แผนการ - NOUN),(เดินทาง - VERB),0
, , ,, , ,(จุด - NOUN),(ชม - VERB),0
, , ,, , ,(จุด - NOUN),(ซ่อนตัว - VERB),3
, , ,, , ,(จุด - NOUN),(เป็น - VERB),6
, , ,, , ,(จุด - NOUN),(ชม - VERB),8
, , ,, , ,(จุด - NOUN),(ตก - VERB),10
, , ,, , ,(จุด - NOUN),(สวยงาม - VERB),12
, , ,, , ,(จุด - NOUN),(มี - VERB),13
, , ,, , ,(วิว - NOUN),(ซ่อนตัว - VERB),1
, , ,, , ,(วิว - NOUN),(เป็น - VERB),4
, , ,, , ,(วิว - NOUN),(ชม - VERB),6
, , ,, , ,(วิว - NOUN),(ตก - VERB),8
, , ,, , ,(วิว - NOUN),(สวยงาม - VERB),10
, , ,, , ,(วิว - NOUN),(มี - VERB),11
, , ,, , ,(จุด - NOUN),(ชม - VERB),0
, , ,, , ,(จุด - NOUN),(ตก - VERB),2
, , ,, , ,(จุด - NOUN),(สวยงาม - VERB),4
, , ,, , ,(จุด - NOUN),(มี - VERB),5
, , ,, , ,(พระอาทิตย์ - NOUN),(ตก - VERB),0
, , ,, , ,(พระอาทิตย์ - NOUN),(สวยงาม - VERB),2
, , ,, , ,(พระอาทิตย์ - NOUN),(มี - VERB),3
, , ,, , ,(สถานที่ - NOUN),(ตก - VERB),2
, , ,, , ,(พระอาทิตย์ - NOUN),(ตก - VERB),0
, , ,, , ,(ปัญหา - NOUN),(คือ - VERB),1
, , ,, , ,(ปัญหา - NOUN),(มี - VERB),4
, , ,, , ,(ฝูงชน - NOUN),(มี - VERB),1
, , ,, , ,(คุณ - NOUN),(ลง - VERB),0
, , ,, , ,(คุณ - NOUN),(ไป - VERB),1
, , ,, , ,(คุณ - NOUN),(คล้าย - VERB),12
, , ,, , ,(กังหันลม - NOUN),(คล้าย - VERB),8
, , ,, , ,(หาด - NOUN),(คล้าย - VERB),5
, , ,, , ,(หาน - NOUN),(คล้าย - VERB),3
, , ,, , ,(ผลกระทบ - NOUN),(คล้าย - VERB),1
, , ,, , ,(มุมมอง - NOUN),(ดี - VERB),1
, , ,, , ,(มุมมอง - NOUN),(เห็น - VERB),4
, , ,, , ,(น่ารัก - NOUN),(พร้อม - VERB),0
, , ,, , ,(เครื่องดื่ม - NOUN),(เป็น - VERB),5
, , ,, , ,(ราคา - NOUN),(เป็น - VERB),4
, , ,, , ,(บาท - NOUN),(เป็น - VERB),1
, , ,, , ,(สิ่ง - NOUN),(ดี - VERB),1
, , ,, , ,(สิ่ง - NOUN),(เดิน - VERB),5
, , ,, , ,(คุณ - NOUN),(เดิน - VERB),1
, , ,, , ,(ประสบการณ์ - NOUN),(ดี - VERB),1
, , ,, , ,(คุณ - NOUN),(ไป - VERB),1
, , ,, , ,(คุณ - NOUN),(มองเห็น - VERB),5
, , ,, , ,(ฝั่ง - NOUN),(มองเห็น - VERB),1
